country,1990,1991,1992,1993,1994,1995,1996,1997,1998,1999,2000,2001,2002,2003,2004,2005,2006,2007,2008,2009,2010,2011,2012,2013,2014,2015,2016,2017,2018,2019,2020
Abkhazia,,,,,,,,,,,,,,,,,,,,,,,,,,,,,,,
Afghanistan,1038,1032,950,818,732,881,904,930,956,982,972,871,1064,1099,1062,1136,1161,1285,1298,1531,1614,1661,1839,1814,1780,1748,1740,1798,1867,1947,1971
Akrotiri and Dhekelia,,,,,,,,,,,,,,,,,,,,,,,,,,,,,,,
Albania,4557,3228,3014,3324,3622,4129,4533,4067,4461,5096,5470,5960,6231,6615,7022,7462,7917,8448,9154,9525,9927,10208,10370,10504,10715,11025,11425,11912,12424,12958,13499
Algeria,10237,9869,9815,9400,9126,9295,9509,9461,9796,9969,10211,10382,10826,11460,11797,12322,12348,12570,12660,12647,12870,12990,13162,13253,13483,13724,13975,13802,13726,13711,13629
American Samoa,,,,,,,,,,,,,,,,,,,,,,,,,,,,,,,
Andorra,28417,28029,27218,26011,25907,26143,27180,29729,30819,31940,31662,31794,31866,34500,36330,39787,42738,43442,41426,41735,38982,41958,41926,43735,44930,46578,48186,49768,51494,53245,55047
Angola,4394,4209,3794,2764,2770,2967,3206,3366,3499,3511,3509,3540,3184,3235,3461,3949,4601,5443,5978,5908,5895,5911,5999,6185,6260,6231,6025,5939,5846,5761,5674
Anguilla,,,,,,,,,,,,,,,,,,,,,,,,,,,,,,,
Antigua and Barbuda,16380,16585,16503,16999,17683,16476,17097,17543,17887,18102,18800,17515,17457,18306,19158,20135,22450,24246,23970,20836,19148,18602,19105,18863,19521,20114,20778,20906,21035,21165,21322
Argentina,10816,12016,13266,13862,14481,13894,14486,15479,15895,15186,14900,14086,12413,13361,14410,15519,16592,17901,18437,17168,18712,19629,19225,19482,18798,19101,18479,18697,18942,19288,19547
Armenia,3742,3336,1977,1845,1992,2173,2337,2441,2640,2744,2925,3224,3669,4207,4674,5357,6110,7011,7558,6533,6703,7022,7511,7728,7971,8180,8174,8410,8662,8930,9195
Aruba,36970,38264,38192,38431,39272,38556,37958,40265,42515,42514,43652,42395,40241,39199,41008,40689,40162,40510,38549,35530,33248,35974,35419,36083,36465,37167,37889,38511,39219,39928,40632
Australia,28583,28115,27897,28747,29597,30379,31167,32037,33112,34375,35281,35481,36401,37057,38149,38855,39426,40650,41317,41207,41385,41782,42561,42920,43396,43832,44414,45105,45783,46423,47135
Austria,31265,32020,32333,32236,32884,33709,34471,35191,36404,37638,38812,39186,39639,39745,40568,41155,42324,43715,44253,42460,43175,44238,44365,44162,44123,44075,44144,44394,44645,44851,45100
Azerbaijan,8513,8323,6346,4806,3808,3320,3329,3488,3801,4047,4459,4863,5338,5891,6435,8052,10711,13243,14365,15394,15950,15754,15888,16593,16715,16699,15994,16187,16552,16874,17025
Bahamas,24281,22840,21552,21217,21510,22111,22749,22961,23788,25183,25847,26067,26251,25378,25064,25385,25514,25392,24350,22926,22895,22675,23029,22715,22304,21670,21482,21706,21920,22063,22228
Bahrain,35578,38500,40029,44075,42895,43464,44080,44202,44902,45152,45537,44468,43719,43759,43929,43774,43238,43321,42777,41256,41107,40696,41502,43245,44418,44508,44621,44456,44330,44385,44355
Bangladesh,1288,1302,1342,1374,1397,1438,1471,1505,1550,1590,1642,1693,1726,1776,1839,1930,2031,2148,2252,2340,2443,2571,2707,2836,2973,3133,3319,3515,3722,3942,4174
Barbados,13298,12736,11968,12022,12220,12423,12868,13427,13877,13872,14440,14054,14124,14390,14547,15074,15868,16083,16079,15365,15346,15405,15397,15335,15298,15390,15588,15834,16037,16194,16409
Belarus,8354,8250,7442,6861,6065,5452,5623,6291,6852,7115,7563,7961,8416,9072,10180,11213,12410,13540,14972,15036,16235,17167,17480,17656,17944,17230,16742,16935,17159,17612,17826
Belgium,30701,31148,31497,31072,31976,32670,33126,34272,34875,36034,37253,37427,37923,38057,39270,39872,40600,41672,41653,40375,41087,41249,41006,40781,41355,41723,41946,42357,42760,43196,43634
Belize,5165,5600,6171,6449,6329,6207,6098,6088,6078,6370,6959,7089,7246,7718,7873,7872,8021,7901,7950,7808,7875,7856,7974,7903,8050,8061,7831,7778,7710,7635,7586
Benin,1463,1474,1466,1498,1477,1515,1532,1571,1586,1622,1666,1703,1729,1735,1758,1736,1753,1806,1841,1832,1819,1821,1856,1935,2001,1987,2010,2083,2165,2260,2344
Bermuda,40553,39322,39584,40557,40518,41999,42817,44514,45912,47200,51140,54245,53097,54550,55453,56017,58785,60117,60676,57152,56395,54985,52137,50669,48728,47080,45399,43767,42228,40725,39277
Bhutan,2325,2316,2449,2537,2697,2897,3032,3138,3241,3404,3539,3724,4009,4199,4329,4522,4720,5446,5592,5852,6420,6806,7033,7071,7366,7736,8106,8871,9929,10596,11451
Bolivia,3707,3826,3814,3899,4001,4106,4202,4324,4453,4387,4412,4404,4431,4470,4575,4695,4836,4972,5191,5278,5407,5599,5793,6091,6325,6532,6708,6847,6975,7105,7250
Bosnia and Herzegovina,2782,2444,1843,1372,1472,1827,3510,4752,5496,6009,6327,6598,6939,7210,7646,8315,8767,9282,9818,9580,9717,9893,9910,10269,10494,10902,11179,11592,12052,12542,13012
Botswana,8110,8477,8490,8427,8517,8904,9217,9753,9635,10379,10411,10279,10749,11095,11239,11583,12363,13175,13768,12499,13334,13889,14244,15568,15915,15356,15513,15973,16467,16976,17486
Brazil,10345,10320,10100,10398,10776,11072,11137,11335,11197,11081,11371,11369,11560,11543,12058,12299,12645,13271,13806,13653,14539,14973,15118,15430,15371,14666,14024,14165,14341,14530,14638
British Virgin Islands,,,,,,,,,,,,,,,,,,,,,,,,,,,,,,,
Brunei,84672,84880,86423,84290,84607,86116,86412,83138,80813,81476,82050,82597,84125,84971,83942,82967,85425,84504,81906,79513,80553,82435,81994,79070,76089,74600,71789,71330,76943,83077,85702
Bulgaria,9297,8596,8057,8002,8175,8446,8626,8583,8943,8489,8958,9526,10321,10932,11736,12681,13640,14796,15741,15175,15283,15676,15772,15997,16302,17000,17709,18290,18853,19433,20060
Burkina Faso,821,872,851,857,845,869,938,970,1012,1057,1046,1084,1099,1151,1168,1232,1270,1302,1356,1354,1425,1473,1521,1518,1536,1551,1595,1650,1710,1773,1835
Burundi,1087,1116,1103,1015,959,870,790,768,795,775,754,751,763,731,742,724,738,748,759,760,764,772,779,791,803,749,721,705,691,678,664
Cambodia,1007,1067,1108,1015,1070,1103,1128,1158,1184,1294,1376,1458,1525,1627,1766,1969,2148,2333,2452,2418,2523,2659,2807,2966,3124,3291,3463,3643,3832,4022,4229
Cameroon,2852,2665,2510,2247,2232,2264,2315,2377,2432,2468,2507,2553,2588,2622,2648,2637,2649,2661,2664,2642,2655,2691,2739,2815,2904,2991,3046,3099,3170,3247,3309
Canada,31300,30220,30115,30578,31647,32226,32395,33426,34424,35903,37432,37712,38500,38806,39604,40471,41203,41647,41611,39924,40699,41565,41795,42336,42946,42983,43088,43453,43773,44076,44398
Cape Verde,1657,1642,1775,1877,2178,2423,2633,2858,3146,3425,3835,3845,3971,4065,4407,4643,4949,5634,5944,5807,5828,5992,5987,5964,5928,5919,6075,6244,6419,6599,6782
Cayman Islands,58558,56656,55832,55992,56434,56610,56883,57468,58336,58029,56596,55180,54612,54356,53646,55992,56993,57757,56855,51972,49815,49903,49297,49345,49110,48996,48829,48658,48509,48348,48189
Central African Republic,932,904,824,804,821,858,804,827,847,858,819,839,852,791,824,816,840,864,867,870,888,912,946,598,602,626,648,668,689,713,735
Chad,1110,1167,1221,997,1063,1041,1029,1050,1085,1039,993,1068,1115,1231,1585,1793,1744,1741,1737,1752,1925,1864,1963,2007,2077,2048,1846,1845,1855,1875,1871
Channel Islands,,,,,,,,,,,,,,,,,,,,,,,,,,,,,,,
Chile,8992,9539,10438,10956,11337,12172,12820,13588,13991,13759,14315,14614,14896,15332,16258,17008,17891,18573,19032,18547,19442,20438,21330,21998,22226,22537,22707,22991,23366,23793,24110
China,1526,1646,1857,2090,2336,2564,2789,3016,3221,3438,3701,3980,4315,4718,5165,5719,6411,7285,7948,8652,9526,10384,11146,11951,12759,13570,14401,15200,16018,16864,17798
Christmas Island,,,,,,,,,,,,,,,,,,,,,,,,,,,,,,,
Cocos Island,,,,,,,,,,,,,,,,,,,,,,,,,,,,,,,
Colombia,7534,7563,7800,7844,8160,8443,8479,8634,8553,8073,8308,8327,8416,8625,8964,9264,9760,10307,10547,10600,10901,11496,11840,12296,12716,12985,13124,13377,13704,14042,14323
Comoros,1600,1470,1549,1550,1427,1438,1381,1398,1379,1370,1481,1479,1477,1472,1465,1472,1475,1451,1423,1416,1413,1415,1422,1437,1432,1413,1411,1425,1439,1453,1465
"Congo, Dem. Rep.",1280,1130,973,809,750,731,704,648,623,583,529,504,504,516,534,549,559,575,591,588,609,630,653,685,726,750,742,745,751,759,763
"Congo, Rep.",5140,5122,5115,4928,4531,4582,4646,4487,4524,4283,4480,4524,4605,4516,4539,4743,4876,4637,4730,4918,5186,5214,5271,5317,5538,5543,5301,5650,5616,5661,5736
Cook Is,,,,,,,,,,,,,,,,,,,,,,,,,,,,,,,
Costa Rica,7787,7787,8290,8655,8820,8961,8855,9130,9546,9712,9878,10041,10202,10474,10769,11025,11656,12433,12835,12544,13000,13397,13878,14035,14392,14914,15401,15818,16240,16667,17115
Cote d'Ivoire,3194,3084,2970,2865,2793,2898,3028,3049,3112,3081,2948,2890,2788,2702,2687,2682,2670,2662,2672,2699,2690,2511,2712,2880,3055,3251,3448,3603,3764,3926,4097
Croatia,18005,14111,12348,11254,11840,12625,13887,14557,15062,14747,15745,16235,17086,18036,18777,19545,20490,21564,22015,20414,20118,20704,20313,20153,20136,20636,21409,22034,22620,23156,23804
Cuba,14184,12423,10628,8874,9004,9266,10029,10323,10413,11067,11622,11915,12050,12353,13071,14076,15760,16899,17597,17859,18293,18796,19372,19963,19963,19963,19963,19963,19963,20562,21180
Cyprus,23301,22873,24366,23951,24845,26465,26394,26690,27745,28761,30086,30835,31520,31910,32925,33663,34599,35503,35960,34387,33941,33192,31658,29843,29711,30383,31196,31716,32205,32666,33205
Czech Republic,19965,17689,17581,17574,18078,19215,20061,19947,19903,20210,21137,21864,22267,23076,24210,25734,27429,28778,29314,27736,28290,28797,28527,28380,29120,30381,31072,31661,32302,32962,33668
Czechoslovakia,,,,,,,,,,,,,,,,,,,,,,,,,,,,,,,
Denmark,33786,34168,34721,34610,36332,37238,38101,39181,39905,40945,42338,42534,42596,42646,43670,44568,46160,46374,45866,43383,43998,44403,44337,44564,45082,45484,45686,46109,46583,47099,47536
Djibouti,3102,2889,2849,2646,2605,2482,2331,2253,2190,2175,2131,2130,2146,2179,2226,2260,2330,2409,2507,2589,2635,2705,2787,2876,2997,3139,3267,3400,3539,3649,3789
Dominica,6730,6778,6905,6997,7081,7221,7435,7588,8018,8118,8175,8214,8052,8638,8883,8844,9080,9634,10302,10159,10198,10135,9981,10008,10373,10137,10174,10390,10610,10831,11084
Dominican Republic,5267,5214,5652,5946,5972,6189,6517,6923,7290,7657,7964,7982,8315,8169,8153,8778,9577,10265,10449,10406,11124,11321,11491,11888,12639,13372,14099,14652,15227,15824,16456
East Germany,,,,,,,,,,,,,,,,,,,,,,,,,,,,,,,
Ecuador,7472,7612,7595,7571,7721,7726,7697,7867,7964,7443,7388,7550,7728,7808,8312,8608,8837,8880,9286,9184,9352,9927,10322,10665,10923,10777,10462,10284,10209,10189,10044
Egypt,5909,5837,5965,6014,6131,6293,6483,6713,6856,7143,7388,7508,7541,7636,7800,8002,8399,8839,9305,9562,9857,9824,9822,9814,9880,10096,10319,10538,10848,11219,11490
El Salvador,4530,4629,4910,5201,5445,5725,5760,5946,6115,6275,6364,6431,6543,6659,6749,6956,7196,7439,7501,7234,7300,7428,7533,7636,7707,7845,7990,8148,8293,8433,8590
Equatorial Guinea,1000,958,1250,1342,1513,1715,2753,6621,7876,9507,10793,16932,19419,21230,28076,31372,32301,35571,40016,38738,33723,34363,35632,32736,31194,27238,23671,21893,20459,19315,18007
Eritrea,908,1003,1111,1268,1544,1586,1718,1828,1824,1781,1679,1772,1766,1662,1633,1629,1574,1563,1384,1412,1416,1510,1180,1158,1199,1244,1244,1248,1252,1258,1261
Eritrea and Ethiopia,,,,,,,,,,,,,,,,,,,,,,,,,,,,,,,
Estonia,14398,13039,11426,10717,10717,11362,12145,13733,14437,14271,15703,16804,17938,19389,20734,22807,25299,27383,25969,22188,22741,24543,25692,26148,26957,27329,27735,28595,29457,30379,31285
Ethiopia,652,584,515,562,560,575,626,626,587,600,618,650,642,610,673,732,790,857,925,980,1074,1163,1231,1326,1425,1533,1608,1702,1801,1904,2014
Faeroe Islands,,,,,,,,,,,,,,,,,,,,,,,,,,,,,,,
Falkland Is (Malvinas),,,,,,,,,,,,,,,,,,,,,,,,,,,,,,,
Fiji,5891,5679,5952,5994,6212,6287,6513,6303,6325,6829,6674,6782,6987,7048,7406,7427,7513,7383,7384,7208,7352,7489,7573,7978,8354,8756,8863,9147,9422,9700,10000
Finland,28906,27048,26002,25687,26584,27596,28512,30205,31760,33095,34887,35706,36218,36852,38188,39116,40546,42467,42575,38868,39848,40684,39913,39428,39018,38994,39423,39829,40290,40765,41214
France,29528,29811,30138,29824,30410,30932,31250,31868,32880,33825,34896,35320,35457,35495,36216,36522,37130,37772,37635,36341,36872,37457,37345,37367,37531,37766,38059,38511,39006,39526,39994
French Guiana,,,,,,,,,,,,,,,,,,,,,,,,,,,,,,,
French Polynesia,,,,,,,,,,,,,,,,,,,,,,,,,,,,,,,
Gabon,19501,20142,19006,19242,19445,19896,20101,20728,20919,18582,17783,17714,17231,17171,16832,17004,15913,16312,15288,14822,15356,15894,16159,16503,16678,16837,16786,16999,17463,18035,18344
Gambia,1517,1510,1513,1514,1475,1447,1438,1467,1475,1524,1560,1601,1500,1553,1610,1544,1512,1518,1555,1604,1656,1535,1575,1599,1564,1588,1566,1569,1574,1580,1582
Georgia,8007,6273,3430,2406,2178,2295,2617,2946,3068,3180,3264,3446,3659,4116,4415,4902,5432,6183,6408,6255,6734,7315,7881,8254,8749,9025,9267,9636,10062,10569,11022
Germany,31287,32647,33023,32493,33176,33653,33830,34406,35081,35755,36765,37325,37262,36977,37418,37704,39143,40474,40989,38784,40429,42693,42822,42914,43418,43784,44072,44617,45166,45717,46287
Ghana,1920,1966,1986,2026,2037,2066,2108,2143,2191,2233,2259,2291,2334,2392,2461,2539,2632,2675,2845,2908,3059,3404,3632,3807,3869,3930,3980,4236,4375,4481,4652
Gibraltar,,,,,,,,,,,,,,,,,,,,,,,,,,,,,,,
Greece,20686,21073,21059,20600,20908,21247,21759,22623,23374,24000,24839,25731,26643,28119,29470,29559,31136,32074,31882,30430,28726,26141,24364,23746,23989,24095,24264,24934,25498,26034,26642
Greenland,17371,17295,16391,15569,16500,17117,17372,17613,18955,19182,20499,20699,20426,20278,21086,21846,23031,23858,24413,23789,24966,25730,26213,26688,27216,27764,28341,28914,29503,30107,30720
Grenada,7242,7329,7211,6990,7030,7119,7395,7740,8633,9218,9651,9435,9735,10628,10530,11894,11382,12044,12118,11276,11178,11221,11049,11263,12040,12735,12911,13205,13505,13812,14128
Guadeloupe,,,,,,,,,,,,,,,,,,,,,,,,,,,,,,,
Guam,,,,,,,,,,,,,,,,,,,,,,,,,,,,,,,
Guatemala,5101,5165,5289,5370,5458,5598,5635,5751,5904,5995,6071,6069,6158,6166,6213,6269,6458,6713,6782,6670,6714,6844,6899,7005,7147,7293,7367,7439,7533,7636,7719
Guernsey,,,,,,,,,,,,,,,,,,,,,,,,,,,,,,,
Guinea,1124,1093,1065,1055,1042,1044,1056,1083,1101,1123,1131,1151,1188,1181,1186,1197,1202,1197,1229,1198,1194,1214,1234,1235,1212,1184,1215,1243,1282,1309,1340
Guinea-Bissau,1570,1611,1589,1584,1598,1634,1789,1872,1323,1314,1360,1363,1323,1303,1310,1335,1335,1346,1357,1368,1393,1485,1421,1396,1394,1424,1466,1506,1547,1589,1633
Guyana,2837,3003,3222,3462,3733,3904,4208,4478,4416,4564,4513,4621,4672,4625,4778,4689,4939,5298,5414,5598,5836,6132,6394,6683,6891,7063,7248,7486,7739,8000,8270
Haiti,2251,2217,1881,1806,1627,1679,1717,1732,1738,1754,1739,1693,1661,1641,1559,1562,1572,1600,1589,1613,1502,1562,1585,1629,1653,1651,1654,1683,1713,1744,1766
Holy See,,,,,,,,,,,,,,,,,,,,,,,,,,,,,,,
Honduras,3172,3182,3266,3373,3236,3276,3302,3374,3380,3230,3329,3333,3372,3440,3568,3697,3852,4002,4084,3904,3971,4046,4137,4178,4231,4311,4392,4486,4591,4699,4802
"Hong Kong, China",26974,28277,29789,31097,32240,32358,32271,33636,31394,31875,34017,33956,34366,35487,38274,40923,43521,45937,46635,45390,48108,50086,50347,51671,52701,53490,54279,55209,56269,57426,58470
Hungary,17098,15074,14618,14550,14999,15244,15271,15808,16513,17091,17855,18571,19463,20266,21328,22307,23203,23343,23592,22078,22277,22729,22481,23020,24016,24831,25381,26198,26936,27641,28455
Iceland,29116,28717,27401,27480,28226,28106,29293,30481,32137,33022,34097,34937,34735,35338,37866,39770,40790,43489,43337,40190,38815,39466,39734,41097,41424,42674,45276,46401,47356,48267,49594
India,1755,1738,1797,1845,1930,2037,2149,2195,2288,2446,2495,2570,2623,2783,2955,3179,3420,3699,3787,4050,4405,4636,4828,5074,5390,5754,6093,6476,6890,7339,7797
Indonesia,4625,4860,5089,5331,5642,6013,6387,6591,5646,5611,5806,5934,6116,6320,6546,6825,7102,7451,7793,8045,8433,8838,9251,9643,10003,10368,10765,11193,11650,12137,12623
Iran,10163,11226,11420,11113,10790,10894,11396,11342,11363,11383,11854,11963,12761,13696,14125,14551,15207,16409,16375,16563,17444,17876,16485,15965,16451,16010,16341,16844,17402,17989,18521
Iraq,11522,4033,5198,6575,6625,6561,7061,8297,10845,12369,12177,12105,10959,7135,10711,10895,11703,11575,12217,12299,12718,13262,14626,15078,14697,14929,16087,16096,15867,15697,15384
Ireland,22117,22415,23006,23508,24763,27010,29234,32053,34330,37632,40815,42601,44226,45109,47271,48919,50411,50834,47630,44996,45661,45477,44876,45257,48886,60944,62828,64254,65622,66951,68445
Isle of Man,,,,,,,,,,,,,,,,,,,,,,,,,,,,,,,
Israel,19760,20039,20448,21018,21900,22731,23507,23863,24315,24590,26090,25544,25018,24859,25673,26331,27371,28539,28894,28569,29600,30529,30684,31435,31813,31971,32613,33024,33434,33846,34262
Italy,31142,31599,31841,31550,32222,33152,33569,34167,34709,35245,36536,37162,37199,37090,37434,37604,38244,38612,37954,35710,36201,36347,35228,34220,33946,34245,34620,34904,35192,35486,35767
Jamaica,7286,7578,7658,8301,8334,8448,8357,8183,7917,7928,7932,7978,8082,8325,8385,8411,8606,8681,8566,8154,7997,8099,8017,8026,8053,8105,8190,8342,8517,8706,8872
Japan,30447,31362,31540,31516,31681,32425,33346,33625,33155,33011,33872,33928,33889,34333,35078,35658,36142,36697,36278,34318,35750,35775,36368,37149,37323,37818,38240,38613,39105,39359,39801
Jersey,,,,,,,,,,,,,,,,,,,,,,,,,,,,,,,
Jordan,6283,6069,6812,6751,6755,6895,6825,6882,6950,7062,7235,7484,7776,7935,8399,8800,9159,9493,9715,9749,9473,9214,8964,8757,8622,8491,8390,8413,8452,8508,8539
Kazakhstan,13050,11543,10938,9998,8866,8283,8451,8732,8715,9036,9952,11314,12423,13532,14729,16014,17541,18885,19272,18996,20097,21278,21987,22973,23586,23522,23420,23861,24171,24579,24936
Kenya,2380,2337,2246,2184,2175,2204,2230,2179,2189,2178,2132,2153,2107,2110,2158,2224,2304,2395,2335,2347,2476,2557,2603,2683,2753,2836,2926,3010,3109,3223,3322
Kiribati,1961,1927,1916,1908,1917,1891,1894,1895,1986,1922,2007,1944,1983,1988,1920,1976,1905,1905,1830,1796,1732,1706,1762,1831,1842,1874,1898,1898,1888,1882,1882
North Korea,2076,1973,1745,1619,1605,1442,1393,1230,1267,1377,1287,1368,1375,1405,1410,1464,1461,1392,1427,1407,1393,1397,1393,1392,1391,1390,1389,1388,1387,1386,1385
South Korea,11633,12711,13356,14126,15272,16566,17656,18527,17387,19216,20757,21530,22997,23549,24606,25517,26697,28014,28588,28643,30352,31229,31777,32549,33426,34178,34986,35832,36767,37734,38670
"United Korea (former)
",,,,,,,,,,,,,,,,,,,,,,,,,,,,,,,
Kosovo,15251,10829,7595,5379,5118,5353,5709,6080,5552,4313,4605,5844,5799,6141,6298,6673,6918,7362,7497,7685,7876,8169,8333,8530,8645,9097,9332,9670,9968,10292,10634
Kuwait,36951,18534,50150,68624,74428,81017,80454,78427,75940,69982,69920,68473,69393,80463,87555,93470,96244,96870,93698,81923,75204,77460,77618,74085,70832,69329,67283,67749,68359,68784,68657
Kyrgyz Republic,3475,3150,2681,2266,1812,1696,1790,1939,1950,1991,2075,2164,2144,2271,2401,2370,2418,2599,2791,2837,2790,2921,2870,3121,3182,3238,3292,3368,3493,3613,3716
Lao,1613,1635,1679,1732,1827,1911,2000,2095,2138,2255,2346,2442,2548,2663,2789,2941,3143,3324,3524,3727,3984,4244,4527,4830,5133,5434,5735,6007,6306,6616,6937
Latvia,13650,11970,8218,7947,8242,8272,8563,9424,10134,10485,11159,12034,13039,14276,15636,17496,19757,21901,21333,18580,18252,19773,20822,21599,22265,23057,23712,24567,25524,26526,27514
Lebanon,7860,10668,10873,11318,11920,12453,12933,12548,12910,12678,12536,12538,12367,12149,12329,12273,12248,13297,14424,15636,16281,15695,14970,14075,13492,13087,12974,13172,13438,13709,13935
Lesotho,1380,1449,1519,1542,1604,1629,1695,1736,1742,1732,1782,1829,1826,1893,1910,1960,2026,2106,2226,2253,2375,2503,2618,2640,2664,2777,2808,2867,2960,3064,3147
Liberia,875,764,505,342,266,247,263,503,606,688,839,832,844,579,583,598,624,657,675,683,700,734,772,819,805,785,754,776,801,829,850
Libya,26002,29385,27949,26314,26268,22560,22724,22187,21729,21471,21922,21199,20666,22988,23640,26045,27319,28622,28984,28435,29630,11193,22907,19858,15109,13525,17583,17925,18254,18605,21299
Liechtenstein,,,,,,,,,,,,,,,,,,,,,,,,,,,,,,,
Lithuania,15764,14836,11682,9819,8880,9357,9914,10815,11708,11657,12189,13092,14090,15702,16919,18526,20218,22728,23566,20299,21069,22854,24051,25148,26251,26971,27904,29095,30368,31691,33035
Luxembourg,57618,61766,62060,63804,65346,65358,65369,68241,71471,76492,81690,82767,85033,85374,87210,88610,91724,97864,94900,89099,91743,92005,89505,90950,93830,95311,97019,98127,99034,99737,100766
"Macao, China",40366,40680,44985,46310,47307,47887,46732,45673,42705,40825,42225,42443,45127,49153,60811,64199,71160,79743,80762,80121,98184,116752,124569,135319,130755,100518,96566,96574,97057,98118,98781
"Macedonia, FYR",9633,9052,8477,7863,7733,7641,7708,7779,7992,8288,8621,8323,8423,8591,8977,9386,9854,10481,11044,10995,11355,11612,11550,11878,12298,12760,13055,13485,13956,14472,14963
Madagascar,1653,1504,1478,1464,1419,1400,1386,1393,1402,1422,1444,1484,1257,1339,1368,1390,1417,1463,1523,1421,1386,1368,1371,1364,1372,1376,1396,1424,1455,1486,1516
Malawi,744,792,727,796,711,821,863,873,879,878,866,800,792,816,837,840,854,908,948,996,1033,1051,1040,1062,1090,1089,1084,1106,1134,1163,1188
Malaysia,10552,11252,11941,12798,13633,14601,15658,16383,14801,15333,16310,16039,16555,17166,17977,18577,19251,20685,20989,20092,21107,21819,22591,23224,24196,24989,25660,26417,27248,28100,28941
Maldives,4197,4383,4521,4666,4846,5065,5390,5888,6316,6687,6863,6973,7225,8086,8915,7961,9201,9672,10506,10002,10514,11127,11168,11455,11899,11994,12236,12599,12984,13380,13763
Mali,1272,1390,1313,1319,1333,1310,1366,1396,1463,1506,1463,1639,1640,1735,1707,1761,1783,1785,1809,1833,1872,1875,1805,1794,1865,1919,1963,1992,2021,2050,2082
Malta,16152,16706,17310,17906,18742,19792,20405,21316,22263,23176,24586,24551,25095,25565,25506,26303,26687,27654,28394,27487,28321,28595,29111,30142,32341,34380,35694,36831,37938,39033,40284
Marshall Islands,2886,2818,2964,3100,3248,3484,3102,2886,2791,2716,2872,3024,3105,3113,3113,3200,3260,3372,3312,3249,3451,3501,3623,3699,3657,3673,3775,3776,3775,3766,3765
Martinique,,,,,,,,,,,,,,,,,,,,,,,,,,,,,,,
Mauritania,2807,2781,2759,2844,2682,2862,2940,2736,2726,2848,2751,2725,2664,2743,2819,2986,3450,3449,3389,3259,3317,3372,3463,3566,3655,3602,3572,3588,3671,3779,3847
Mauritius,7387,7632,8022,8331,8555,8845,9244,9649,10127,10260,11077,11273,11431,11764,12362,12442,13441,14146,14855,15306,15938,16562,17093,17629,18256,18864,19549,20252,21003,21780,22571
Mayotte,,,,,,,,,,,,,,,,,,,,,,,,,,,,,,,
Mexico,12584,12858,13061,13325,13691,12670,13184,13871,14297,14462,15015,14729,14566,14594,15028,15273,15792,16044,16008,15012,15535,15923,16324,16316,16459,16668,16831,16993,17288,17589,17812
"Micronesia, Fed. Sts.",2763,2894,2933,3094,3016,3185,3063,2873,2965,3018,3167,3231,3256,3320,3220,3301,3312,3263,3197,3244,3337,3411,3429,3300,3178,3285,3331,3378,3409,3427,3468
Moldova,6462,5417,3838,3797,2631,2605,2457,2507,2344,2268,2321,2468,2667,2851,3069,3308,3476,3589,3876,3648,3911,4179,4151,4542,4763,4747,4944,5131,5330,5537,5761
Monaco,43173,43365,43703,43063,43791,44514,44836,45690,47144,48523,50200,50855,51060,51275,52196,52761,54636,60930,59857,53735,54146,58081,58081,57886,58267,58778,59532,60091,60712,61371,61996
Mongolia,5123,4606,4132,3966,4020,4244,4304,4435,4545,4643,4655,4748,4924,5215,5705,6047,6484,7055,7576,7368,7709,8881,9789,10720,11349,11409,11328,11364,12100,12558,12837
Montenegro,16503,14594,11054,6935,6942,7809,9776,10205,10738,9755,10075,10145,10297,10512,10955,11397,12358,13657,14576,13722,14035,14472,14066,14551,14797,15291,15658,16175,16606,16999,17489
Montserrat,,,,,,,,,,,,,,,,,,,,,,,,,,,,,,,
Morocco,3912,4118,3960,3863,4203,3915,4337,4213,4460,4453,4484,4754,4844,5072,5252,5362,5701,5834,6107,6288,6443,6688,6791,6996,7071,7286,7266,7481,7719,7983,8241
Mozambique,379,387,354,370,378,373,459,495,540,568,562,615,650,672,703,742,792,826,858,886,918,955,994,1035,1080,1118,1128,1159,1196,1240,1275
Myanmar,743,728,788,826,877,927,974,1016,1061,1163,1306,1438,1593,1796,2020,2275,2553,2840,3112,3418,3721,3898,4149,4458,4770,5071,5352,5718,6104,6521,6963
Namibia,5719,5971,6197,5918,5846,5895,5901,5967,5987,6031,6106,6068,6266,6452,7162,7260,7684,8098,8208,8114,8461,8721,8967,9259,9631,9913,9812,10203,10549,10869,11222
Nauru,24611,19517,16018,13194,12499,11385,9972,8824,7992,7475,6964,6486,5828,5831,5570,4896,3933,3955,5331,5804,6592,7339,7905,10078,12561,12270,12951,12757,12645,12686,12691
Nepal,1198,1241,1258,1271,1340,1352,1391,1429,1442,1477,1540,1586,1561,1598,1649,1684,1721,1761,1850,1915,1986,2031,2103,2164,2266,2301,2288,2363,2424,2486,2565
Netherlands,32090,32615,32921,33104,33879,34763,35837,37186,38630,40312,41722,42288,42062,41983,42687,43507,44966,46528,47134,45126,45525,46067,45411,45191,45668,46354,47128,47855,48542,49215,49979
Netherlands Antilles,,,,,,,,,,,,,,,,,,,,,,,,,,,,,,,
New Caledonia,,,,,,,,,,,,,,,,,,,,,,,,,,,,,,,
New Zealand,24161,22767,22782,23964,24862,25660,26174,26358,26338,27629,28265,29067,29900,30652,31392,32065,32564,33194,32545,32123,32253,32735,33287,33841,34469,34646,35269,35873,36354,36841,37388
Ngorno-Karabakh,,,,,,,,,,,,,,,,,,,,,,,,,,,,,,,
Nicaragua,3004,2933,2880,2807,2840,2948,3076,3141,3202,3372,3456,3507,3485,3525,3665,3772,3865,4008,4092,3907,4029,4231,4453,4619,4785,4961,5137,5296,5470,5649,5832
Niger,894,888,803,788,792,784,783,776,826,792,753,778,773,785,757,763,778,773,816,780,814,802,863,874,900,897,907,928,949,992,1020
Nigeria,3042,2947,2886,2873,2828,2750,2816,2824,2830,2773,2848,2900,2935,3158,4116,4149,4374,4552,4711,4905,5150,5259,5339,5479,5672,5671,5439,5475,5569,5679,5802
Niue,,,,,,,,,,,,,,,,,,,,,,,,,,,,,,,
Norfolk Island,,,,,,,,,,,,,,,,,,,,,,,,,,,,,,,
Northern Cyprus,,,,,,,,,,,,,,,,,,,,,,,,,,,,,,,
Northern Mariana Islands,,,,,,,,,,,,,,,,,,,,,,,,,,,,,,,
Norway,42830,43941,45250,46261,48324,50070,52322,54789,55893,56630,58067,58978,59504,59701,61698,62888,63878,65072,64513,62671,62268,62061,62935,62799,63287,63670,63811,64212,64846,65502,65906
Oman,35042,35568,36821,37372,37441,38316,38912,41019,42064,41954,43966,45400,44140,42044,41551,41458,42472,43034,44939,45636,45335,42121,43030,41924,40283,40139,39085,39357,38900,38398,37977
Pakistan,3055,3121,3272,3244,3281,3358,3434,3384,3387,3429,3495,3487,3523,3618,3805,4013,4175,4288,4273,4304,4284,4310,4367,4464,4576,4695,4866,5021,5221,5413,5601
Palau,17115,16075,14649,12495,13037,14083,15163,15142,15111,14026,13628,14049,14846,13814,14696,14805,14323,14241,13371,12089,12408,12952,13264,12841,13277,14388,14251,14815,15255,15557,16058
Panama,7816,8375,8876,9169,9239,9210,9392,9797,10305,10497,10572,10428,10459,10695,11287,11878,12672,13936,14867,14839,15419,16940,18184,19057,19872,20674,21335,22306,23374,24454,25566
Papua New Guinea,1549,1655,1837,2117,2187,2061,2164,2026,1899,1885,1791,1744,1698,1692,1695,1759,1756,1837,1913,1983,2087,2259,2388,2467,2621,2749,2761,2781,2804,2828,2848
Paraguay,6036,6089,6039,6185,6361,6639,6591,6719,6580,6356,6085,5918,5807,5951,6088,6120,6319,6568,6892,6532,7290,7505,7312,8227,8502,8639,8878,9078,9279,9493,9697
Peru,5313,5319,5185,5352,5900,6226,6295,6599,6476,6479,6563,6517,6784,6979,7234,7595,8068,8649,9323,9309,9957,10449,10944,11430,11545,11768,12072,12388,12723,13055,13392
Philippines,4010,3889,3808,3797,3871,3960,4097,4214,4098,4133,4224,4255,4319,4442,4647,4779,4942,5181,5309,5285,5597,5707,5989,6307,6586,6875,7236,7584,7957,8348,8752
Pitcairn,,,,,,,,,,,,,,,,,,,,,,,,,,,,,,,
Poland,10277,9522,9731,10069,10580,11300,11976,12741,13324,13944,14732,14920,15232,15785,16606,17194,18268,19563,20392,20953,21771,22850,23218,23555,24346,25299,26003,26852,27668,28495,29401
Portugal,20167,21096,21343,20881,21026,21851,22530,23422,24421,25227,25999,26318,26376,26032,26440,26593,26958,27575,27590,26743,27238,26780,25806,25655,26024,26548,27007,27495,27909,28301,28783
Puerto Rico,25275,25311,26169,26949,27764,28629,29129,29770,31597,32088,32484,35607,36192,36600,37237,37503,37327,36298,35855,35199,34454,34196,33652,33844,33662,33599,33091,32659,32564,32402,32110
Qatar,70842,68337,75257,73774,74261,75095,76690,96620,103535,103984,108324,108055,110654,107616,116418,109802,118585,118832,119723,117065,125141,129350,125302,122637,120860,119749,118215,119778,121033,123192,124149
Reunion,,,,,,,,,,,,,,,,,,,,,,,,,,,,,,,
Romania,11480,10084,9283,9438,9823,10546,10986,10487,10289,10264,10523,11268,12071,12830,13982,14656,15930,17277,19053,17855,17818,18095,18292,19009,19667,20538,21648,22516,23399,24318,25336
Russia,20639,19554,16705,15274,13371,12813,12370,12564,11918,12720,14051,14829,15604,16819,18098,19326,20970,22799,24006,22122,23108,24074,24879,25144,24880,24124,24026,24392,24786,25194,25586
Rwanda,865,865,964,942,492,674,736,786,790,766,785,821,907,912,964,1034,1103,1158,1252,1295,1353,1421,1508,1539,1616,1716,1774,1847,1932,2025,2111
St. Barthélemy,,,,,,,,,,,,,,,,,,,,,,,,,,,,,,,
St. Helena,,,,,,,,,,,,,,,,,,,,,,,,,,,,,,,
St. Kitts and Nevis,14326,13957,14432,15264,15875,16585,17366,18364,18047,18448,20173,20991,21232,20177,20615,22128,22254,21959,23086,22145,21412,21689,21319,22399,23483,24120,24738,25284,25731,26181,26708
St. Lucia,9093,8999,9601,9520,9560,9604,9752,9537,10006,10142,10006,9535,9487,9859,10529,10384,10980,10961,11288,11129,10842,10789,10572,10529,10522,10677,10703,10794,10887,10981,11047
St. Martin,,,,,,,,,,,,,,,,,,,,,,,,,,,,,,,
St. Vincent and the Grenadines,5576,5623,5971,6220,6140,6618,6706,6946,7235,7434,7555,7677,8151,8761,9108,9318,10020,9849,10494,10265,9916,9872,10009,10193,10307,10463,10759,11053,11362,11692,12007
St.-Pierre-et-Miquelon,,,,,,,,,,,,,,,,,,,,,,,,,,,,,,,
Samoa,3649,3539,3500,3608,3483,3686,3924,3929,3997,4066,4326,4601,4773,4958,5155,5335,5405,5709,5728,5414,5400,5667,5644,5490,5511,5559,5882,5892,5950,6028,6086
San Marino,34215,34302,34112,36612,38698,41846,43518,44268,47258,51019,51350,53121,51953,52589,53723,53928,55241,56644,54401,47221,44525,43092,41105,39209,39098,39188,39376,39604,39814,40044,40261
Sao Tome and Principe,2088,2070,2045,2029,2034,2035,2025,2005,2014,2025,1998,2018,2019,2101,2130,2227,2374,2395,2532,2534,2642,2696,2718,2786,2893,2942,2993,3087,3185,3288,3388
Saudi Arabia,42457,47263,47702,45785,44906,43981,44207,43838,44251,41722,43071,41473,39195,42344,44391,45538,45527,45130,46679,44481,45421,48525,49659,49538,49958,50724,50458,50119,50114,49813,49455
Senegal,1842,1832,1800,1770,1719,1763,1753,1764,1824,1894,1908,1946,1909,1984,2046,2104,2099,2144,2163,2154,2181,2155,2184,2193,2221,2297,2380,2474,2573,2677,2782
Serbia,14912,13696,9832,6831,7000,7393,7580,8147,8377,7386,7985,8398,9004,9421,10298,10901,11481,12206,12916,12564,12688,12968,12899,13295,13113,13278,13720,14257,14815,15469,16075
Serbia and Montenegro,,,,,,,,,,,,,,,,,,,,,,,,,,,,,,,
Serbia excluding Kosovo,,,,,,,,,,,,,,,,,,,,,,,,,,,,,,,
Seychelles,14217,14416,15377,15993,15448,15097,15609,17272,18361,18341,18453,18018,17688,16836,16417,17812,19086,20968,20064,19765,20365,22557,23813,24791,25218,25525,26319,26918,27546,28226,28961
Sierra Leone,1251,1273,1032,1052,1037,956,971,909,915,880,913,816,985,1028,1045,1048,1070,1125,1156,1182,1217,1246,1403,1655,1692,1316,1366,1429,1492,1587,1660
Singapore,34340,35608,37003,40242,43260,44915,46374,48561,45895,48304,51699,49844,51471,54553,59018,61965,65377,68423,66037,63688,72105,75013,76029,78549,80305,80892,81443,82615,83888,85267,86473
Slovak Republic,14706,12511,11633,11809,12492,13184,14045,14869,15445,15398,15605,16152,16889,17816,18757,20021,21712,24050,25382,23974,25159,25835,26218,26581,27238,28254,29156,30207,31357,32425,33561
Slovenia,19347,17552,16522,16923,17760,18431,19091,20094,20800,21881,22723,23357,24223,24896,25963,26955,28389,30191,31138,28452,28678,28805,27971,27630,28460,29097,29803,30367,30946,31477,32099
Solomon Islands,1793,1847,2024,2045,2171,2284,2256,2163,2141,2073,1729,1549,1466,1521,1556,1600,1670,1750,1831,1706,1783,1969,2016,2033,2021,2053,2073,2090,2106,2122,2139
Somalia,930,921,813,817,644,637,648,613,607,605,603,603,607,611,614,616,615,615,615,615,614,614,616,619,621,623,625,627,629,631,633
Somaliland,,,,,,,,,,,,,,,,,,,,,,,,,,,,,,,
South Africa,9899,9564,9129,9014,9090,9177,9395,9484,9388,9468,9716,9890,10131,10304,10639,11058,11526,11982,12197,11842,12029,12244,12330,12446,12462,12425,12260,12253,12321,12390,12398
South Ossetia,,,,,,,,,,,,,,,,,,,,,,,,,,,,,,,
Spain,23759,24302,24408,24031,24487,25051,25614,26448,27473,28589,29967,30951,31395,31815,32261,32902,33701,34330,34163,32652,32506,32067,31107,30677,31193,32216,33261,33997,34742,35457,36272
Sri Lanka,3666,3784,3901,4122,4308,4505,4641,4908,5110,5299,5580,5452,5626,5915,6190,6527,6974,7392,7773,7988,8563,9213,9980,10239,10650,11062,11417,11884,12382,12925,13458
Sudan,1743,1826,1896,1932,1900,1961,2021,2174,2206,2211,2287,2368,2450,2567,2593,2713,2907,3158,3318,3338,3366,3632,4097,4177,4188,4290,4385,4414,4441,4484,4517
Suriname,10545,10636,10425,9505,9657,9616,9602,10021,10054,9850,9731,10060,10378,10882,11762,12168,12502,13001,13397,13656,14212,14888,15132,15419,15323,14767,13114,13046,13150,13337,13309
Svalbard,,,,,,,,,,,,,,,,,,,,,,,,,,,,,,,
Swaziland,5378,5323,5371,5430,5456,5606,5697,5743,5766,5825,5839,5838,6048,6246,6427,6746,7057,7253,7184,7162,7297,7324,7530,7899,8084,8054,7734,7660,7604,7556,7494
Sweden,30934,30371,29844,29058,30032,31077,31498,32393,33744,35245,36855,37331,37981,38743,40258,41227,42918,44051,43466,40863,42943,43755,43308,43476,44168,45488,46441,46991,47520,47842,48303
Switzerland,47768,46743,46210,45734,45947,45860,45932,46881,48119,48677,50314,50720,50410,50062,51133,52350,54110,55849,56399,54513,55542,55919,55908,56253,56680,56511,56625,56908,57133,57415,57647
Syria,3809,3991,4399,4498,4693,4894,5246,5385,5620,5291,5188,5232,5474,5341,5546,5738,5888,6094,6246,6497,6603,6358,6300,5000,4300,3500,3300,3100,2900,2900,2913
Taiwan,20432,21996,23207,24595,26091,27307,28866,30613,31879,32852,34205,32912,34259,34840,36032,36825,37661,38761,36526,36491,39085,39059,39482,40214,40403,40886,41505,42194,42960,43870,44649
Tajikistan,3645,3313,2308,1898,1471,1270,1043,1045,1085,1107,1180,1277,1389,1511,1633,1707,1788,1887,1992,2022,2106,2212,2324,2441,2547,2641,2763,2841,2922,3005,3090
Tanzania,1473,1454,1414,1384,1361,1368,1391,1403,1418,1449,1482,1529,1593,1655,1734,1820,1848,1942,1987,2029,2091,2186,2228,2316,2402,2491,2583,2680,2780,2886,2996
Thailand,6650,7134,7634,8189,8763,9381,9803,9421,8598,8889,9189,9418,9914,10548,11134,11525,12025,12607,12757,12605,13487,13535,14448,14778,14853,15237,15682,16294,16914,17545,18218
Timor-Leste,1104,1184,1261,1344,1441,1560,1735,1838,1834,1195,1391,1580,1425,1339,1297,1338,1235,1355,1529,1705,1853,1963,2032,2041,2110,2151,1929,1804,1487,1269,1113
Togo,1350,1308,1227,1018,1143,1201,1270,1409,1334,1326,1277,1221,1178,1204,1198,1180,1196,1191,1185,1194,1208,1234,1259,1275,1315,1351,1382,1429,1478,1529,1581
Tokelau,,,,,,,,,,,,,,,,,,,,,,,,,,,,,,,
Tonga,3574,3796,3799,3935,4122,4264,4252,4230,4327,4474,4602,4742,4876,4948,4901,4947,4875,4642,4755,4837,4984,5102,5129,4950,5031,5189,5332,5409,5499,5522,5594
Transnistria,,,,,,,,,,,,,,,,,,,,,,,,,,,,,,,
Trinidad and Tobago,12255,12502,12221,11976,12345,12871,13753,14760,15936,17184,18324,19022,20444,23283,25008,26429,29778,31048,31951,30404,31261,31013,31255,31926,31596,31283,29579,29939,30332,30790,31184
Tunisia,5615,5706,6019,6023,6096,6131,6469,6727,6964,7305,7574,7792,7832,8138,8578,8803,9179,9698,10003,10196,10436,10121,10404,10579,10751,10750,10752,11177,11599,12021,12466
Turkey,11400,11290,11665,12357,11594,12310,13010,13776,13874,13198,13862,12842,13468,14021,15162,16310,17251,17901,17837,16783,17959,19661,20282,21651,22402,23382,23679,24276,24881,25509,26152
Turkmenistan,8317,7713,6373,6290,5070,4601,4818,4202,4441,5113,5333,5506,5465,5589,5809,6495,7125,7815,8845,9249,9942,11213,12235,13236,14332,14992,15648,16730,17856,18793,20051
Turks and Caicos Islands,10751,11226,11612,12229,13055,13317,13962,14440,15429,16100,16099,16305,15544,16045,17013,18734,20690,21458,22431,19240,20095,20878,20292,20278,20107,20069,20022,19937,19881,19819,19752
Tuvalu,2370,2442,2494,2583,2838,2685,2518,2763,3182,3119,3064,3084,3285,3132,3050,2896,2926,3079,3294,3118,3007,3231,3207,3221,3266,3324,3385,3438,3489,3533,3585
Uganda,782,798,798,837,862,931,984,1003,1020,1069,1067,1085,1141,1173,1210,1243,1330,1393,1463,1508,1540,1629,1635,1637,1666,1693,1714,1764,1818,1875,1930
Ukraine,10464,9564,8611,7382,5718,5060,4594,4497,4452,4485,4797,5292,5622,6201,7004,7246,7828,8497,8740,7479,7824,8282,8322,8339,8243,7465,7668,7991,8327,8681,9037
United Arab Emirates,111067,105775,103205,98789,100101,101557,102339,105431,100593,98315,103224,99284,96446,98352,98640,92326,88592,79283,71724,61119,57580,58404,59813,62533,64127,65975,67133,67698,68231,68897,69436
United Kingdom,26769,26388,26412,27009,27987,28612,29267,30105,30975,31885,32962,33730,34393,35419,36109,36928,37575,38236,37698,35795,36196,36456,36679,37130,37983,38509,38901,39493,40079,40658,41265
United States,37062,36543,37321,37844,38892,39476,40501,41812,43166,44673,45986,45978,46367,47260,48597,49762,50599,51011,50384,48558,49373,49791,50520,51008,51831,52790,53273,54163,54898,55635,56518
Uruguay,9841,10117,10841,11047,11765,11511,12066,13006,13506,13175,12875,12358,11400,11499,12080,12976,13486,14330,15308,15901,17082,17905,18477,19271,19828,19831,20047,20641,21254,21955,22608
USSR,,,,,,,,,,,,,,,,,,,,,,,,,,,,,,,
Uzbekistan,3071,2991,2595,2478,2304,2242,2237,2309,2370,2446,2504,2576,2646,2726,2902,3069,3253,3525,3782,4019,4240,4470,4766,5067,5371,5700,6039,6355,6688,7038,7407
Wallis et Futuna,,,,,,,,,,,,,,,,,,,,,,,,,,,,,,,
Vanuatu,2549,2557,2548,2494,2647,2609,2615,2693,2760,2720,2823,2664,2467,2508,2542,2610,2761,2834,2944,2970,2948,2915,2899,2890,2892,2807,2856,2890,2896,2902,2929
Venezuela,14451,15490,16060,15753,15055,15323,14982,15619,15360,14166,14413,14627,13091,11861,13785,14948,16149,17276,17897,17054,16545,16981,17679,17665,16746,15581,14958,14506,14211,13992,13621
Palestine,1646,1474,1735,1833,1980,2028,1963,2152,2398,2531,2256,1995,1701,1891,2034,2197,2058,2138,2204,2326,2443,2665,2749,2727,2643,2654,2685,2695,2704,2706,2713
West Germany,,,,,,,,,,,,,,,,,,,,,,,,,,,,,,,
Western Sahara,,,,,,,,,,,,,,,,,,,,,,,,,,,,,,,
Vietnam,1501,1562,1667,1770,1895,2042,2197,2339,2437,2515,2650,2778,2920,3085,3278,3485,3687,3907,4085,4260,4486,4716,4910,5122,5370,5667,5955,6247,6553,6874,7209
Virgin Islands (U.S.),,,,,,,,,,,,,,,,,,,,,,,,,,,,,,,
North Yemen (former),,,,,,,,,,,,,,,,,,,,,,,,,,,,,,,
South Yemen (former),,,,,,,,,,,,,,,,,,,,,,,,,,,,,,,
Yemen,3327,3368,3462,3423,3486,3532,3564,3631,3738,3772,3894,3929,3969,4003,4047,4155,4170,4192,4228,4273,4479,3805,3793,3873,3767,2641,2325,2378,2434,2505,2559
Yugoslavia,,,,,,,,,,,,,,,,,,,,,,,,,,,,,,,
Zambia,2342,2281,2185,2275,2026,2029,2097,2115,2047,2082,2103,2155,2192,2282,2378,2483,2607,2749,2882,3060,3279,3361,3509,3577,3633,3627,3636,3750,3865,3984,4109
Zimbabwe,2593,2668,2373,2349,2517,2476,2685,2712,2748,2686,2571,2577,2323,1908,1777,1654,1575,1494,1209,1290,1460,1663,1848,1901,1908,1891,1860,1907,1952,2002,2051
Åland,,,,,,,,,,,,,,,,,,,,,,,,,,,,,,,
South Sudan,1981,2057,2104,2108,2092,2098,2149,2301,2370,2479,2642,2726,2811,2929,2997,3171,3402,3697,3717,3740,3790,3482,1813,1985,1990,1808,1862,1848,1822,1841,1850
Curaçao,,,,,,,,,,,,,,,,,,,,,,,,,,,,,,,
Sint Maarten (Dutch part),,,,,,,,,,,,,,,,,,,,,,36327,,,,,,,,,
St. Martin (French part),,,,,,,,,,,,,,,,,,,,,,,,,,,,,,,
Antarctica,,,,,,,,,,,,,,,,,,,,,,,,,,,,,,,
Bouvet Island,,,,,,,,,,,,,,,,,,,,,,,,,,,,,,,
British Indian Ocean Territory,,,,,,,,,,,,,,,,,,,,,,,,,,,,,,,
Clipperton,,,,,,,,,,,,,,,,,,,,,,,,,,,,,,,
French Southern and Antarctic Lands,,,,,,,,,,,,,,,,,,,,,,,,,,,,,,,
Gaza Strip,,,,,,,,,,,,,,,,,,,,,,,,,,,,,,,
Heard and McDonald Islands,,,,,,,,,,,,,,,,,,,,,,,,,,,,,,,
Northern Marianas,,,,,,,,,,,,,,,,,,,,,,,,,,,,,,,
South Georgia and the South Sandwich Islands,,,,,,,,,,,,,,,,,,,,,,,,,,,,,,,
US Minor Outlying Islands,,,,,,,,,,,,,,,,,,,,,,,,,,,,,,,
Virgin Islands,,,,,,,,,,,,,,,,,,,,,,,,,,,,,,,
West Bank,,,,,,,,,,,,,,,,,,,,,,,,,,,,,,,
