Reporter Name,Partner Name,Trade Flow,Indicator,1991,1992,1993,1994,1995,1996,1997,1998,1999,2000,2001,2002,2003,2004,2005,2006,2007,2008,2009,2010,2011,2012,2013,2014,2015,2016
United States,Malawi,Import,AHS Weighted Average (%),20.63609948,23.12038194,23.24503141,,18.20812226,47.30150949,42.02010954,34.33314179,34.44754517,32.53103889,31.33154081,32.24482367,29.2672821,23.45148957,35.06687432,31.09989705,28.72589607,29.5813222,31.72721447,30.34532847,25.52341249,31.00139064,30.57566448,25.3655153,23.74426934,23.83652264
United States,Swaziland,Import,AHS Weighted Average (%),,,,,,,,,,14.89122395,13.02130474,11.73693853,13.00960989,12.40649286,12.98473434,12.77636222,1.357970352,11.84078886,1.307166295,2.57222112,0.027070592,0.011959202,0.048104072,3.628225097,13.93489119,14.75949809
United States,Lesotho,Import,AHS Weighted Average (%),,,,,,,,,,11.82012534,11.82636613,12.59342803,12.28642627,11.85611961,11.47441123,11.48389256,0.000258458,11.45012138,0.000405009,0.000407191,0.000191581,4.51856E-05,0,0,13.87309155,13.87239531
United States,Haiti,Import,AHS Weighted Average (%),7.382795035,7.904301253,7.981218461,,7.959464044,10.11508814,11.3900455,14.08606515,13.39001515,12.9798259,13.05815794,11.96979457,11.80617275,11.6769844,11.78072062,12.36299451,12.35690058,12.27301641,12.38624632,12.73257645,0.003202523,0.007325647,0.009139936,0.00787787,13.03125963,13.03372127
United States,Cambodia,Import,AHS Weighted Average (%),,1.717449856,12.87637189,,1.530152781,7.434030674,12.20381702,12.98238557,12.39610151,11.83456974,11.90581459,11.72260515,11.32078769,11.13460739,11.82698567,12.47018014,12.57061387,12.48554338,12.79269446,12.59873916,12.79771291,12.88154967,12.90073551,12.90443531,12.78701317,12.77582077
United States,Macao,Import,AHS Weighted Average (%),10.53235387,10.96229821,11.1371509,,12.31049981,13.1151998,13.56068727,13.47381811,13.15745531,12.61512245,12.66230345,12.58033684,12.56415589,12.63876887,11.89350206,11.56554587,11.07304724,10.6054638,9.789337676,8.079364623,7.383364313,6.401979626,5.449000823,3.918844084,11.17451435,11.21319873
United States,Bangladesh,Import,AHS Weighted Average (%),12.1158938,12.24635045,11.23397066,,10.68605058,11.13781382,11.26455495,11.2647247,10.87724506,10.96705361,11.05927333,10.981332,11.2178763,10.59458264,10.66593144,10.59426686,10.64944351,10.66072954,10.63692851,10.70513224,10.75422243,10.67861848,10.72929727,10.92203627,10.82622308,10.82777089
United States,Kenya,Import,AHS Weighted Average (%),1.377365599,2.155391221,4.131533418,,5.533532254,5.144497361,4.497299662,4.41615724,4.892676557,4.75164384,5.920827908,7.708209635,8.53631423,8.629211088,8.680607111,8.264371465,0.269332192,8.570408986,0.261997291,0.33242801,0.458799053,0.459097729,0.211463669,0.159197715,9.181376274,9.174780719
United States,"Egypt, Arab Rep.",Import,AHS Weighted Average (%),8.546127998,8.595461051,9.912958142,,9.968882791,8.618126409,8.969146885,9.547719892,8.864412504,7.933470227,7.331803126,7.112875261,6.647863412,5.881759191,4.014189475,4.040865949,4.924851562,5.571586839,5.371001783,6.040997047,6.601564488,7.371679066,7.983324162,8.467439613,9.105581101,9.10245666
United States,Sri Lanka,Import,AHS Weighted Average (%),12.32123256,11.92797087,11.70491401,,10.53091022,10.99238145,11.90849328,11.51895165,11.08201027,11.03847112,11.09625378,10.76721073,10.56335965,9.836931024,9.716177566,9.424309933,9.293526859,9.169129398,9.144858643,8.512461366,8.376960753,8.353674872,8.560139453,8.464482882,9.03146793,9.028814825
United States,Pakistan,Import,AHS Weighted Average (%),8.452817662,9.444928021,9.784335846,,11.02076766,10.9578743,10.74746978,10.4876448,10.17292562,9.86386399,9.762620917,9.465306115,9.465046924,9.256951617,9.378653617,9.251704255,9.568404294,9.262477879,9.389475371,9.531791437,9.671499986,8.94884533,8.851501399,8.954485707,8.821247017,8.825030937
United States,Zimbabwe,Import,AHS Weighted Average (%),7.764035302,12.5402971,15.96688806,,3.985267345,16.86927572,14.35611177,7.840377114,12.20785488,5.652574838,12.75568491,15.80039178,8.86998263,7.563650262,2.01975153,4.443912032,3.366946617,0.376433474,7.415392747,4.522806539,1.93752707,2.903907424,10.12344064,7.151575962,8.215928749,8.395130864
United States,Mauritius,Import,AHS Weighted Average (%),10.36798358,11.52898825,11.44521806,,11.38731054,11.52077978,11.49542316,11.36427848,11.16000264,10.33318874,10.69300748,10.3325954,10.16026051,10.90384544,10.21809285,7.895966007,0.427310259,7.773396357,0.100954186,0.695917382,0.60477161,0.460317071,0.222227448,0.083576934,7.373587233,7.395269789
United States,Brunei,Import,AHS Weighted Average (%),10.98049208,14.78629579,15.54949529,,14.90971874,15.52353936,15.26348437,15.35707362,14.75540518,13.48192641,13.38216675,13.07958478,13.54351906,13.16113336,13.49680079,13.62800795,14.12019588,14.82089965,16.07539573,8.271846269,3.382592569,7.713493754,5.526243547,4.262686505,7.303436506,7.303295886
United States,Turkmenistan,Import,AHS Weighted Average (%),,1.207799426,0.748871277,,4.898273896,3.736067737,6.062344556,7.802528233,11.54109056,12.00438384,12.32765149,10.91721246,10.77780316,11.10045094,9.103703697,10.20045938,7.519748614,7.550380869,7.977105982,8.471051719,8.75204562,7.047000059,5.377957244,5.731378616,7.121875699,7.212483892
United States,San Marino,Import,AHS Weighted Average (%),,,,,,,,,,0.3609375,0.594614792,1.482829664,6.287026902,1.1154543,1.45951491,2.057314897,6.728435917,2.2087426,3.03333696,7.962760759,8.279627981,7.60609603,7.239832179,7.748718723,6.774264071,6.771236187
United States,Paraguay,Import,AHS Weighted Average (%),0.783233633,1.278782618,0.904542994,,3.812880902,2.589742309,4.27400962,5.551879278,6.272192639,5.93511536,7.490585557,6.379153918,5.581936831,6.459993128,7.271133359,8.409332053,11.9853284,9.083412112,6.507994483,7.433404109,9.708194674,5.02742207,3.105139003,4.961756084,5.885044934,6.549217684
United States,Myanmar,Import,AHS Weighted Average (%),6.706058405,10.12180763,8.212958535,,11.84634498,13.86650238,13.44104349,13.82586909,13.15647649,13.60684984,13.33299595,12.5267291,12.53551675,,,,,,1.875,,,,1.653265065,3.439817923,6.460041802,6.465949112
United States,Lao PDR,Import,AHS Weighted Average (%),64.81718819,64.43386046,62.12482421,,57.45557927,57.89978182,56.03258446,56.72578645,51.96195313,54.27150236,48.26293143,49.87064846,54.72599137,33.81181543,42.00298914,11.55112782,6.829946168,8.5054844,6.477177824,8.441272508,8.080282696,9.477016064,7.823424116,7.961020345,6.372650396,6.372183117
United States,Vietnam,Import,AHS Weighted Average (%),,57.5,,,6.40521859,16.28169311,19.80763935,16.95747732,20.4965908,14.57477839,13.63958524,37.00864197,8.768608756,8.734352133,8.024267565,7.778812349,7.645094629,7.624701933,7.716587522,7.599151506,7.687758142,7.285744465,7.008747514,6.521379401,6.155388507,6.155599575
United States,"Macedonia, FYR",Import,AHS Weighted Average (%),,,8.599704316,,9.140089273,15.27100601,13.6341544,11.31624538,15.92859674,10.50666788,15.10787708,18.65539943,14.53520218,16.66974331,14.99677096,12.36967922,8.090958118,8.295102645,29.01939924,20.45316354,22.53441018,17.20970278,25.08320995,7.7347619,6.016097325,6.014002489
United States,Lithuania,Import,AHS Weighted Average (%),,4.225549422,3.366439601,,9.802518263,10.85325022,5.594770805,8.317231263,8.879976805,7.934227112,6.315001059,5.871318803,6.084626327,5.332713666,5.168761281,5.288135329,3.188986123,4.525295192,5.34089308,5.227398201,5.115802895,5.410426555,6.033499318,5.526891563,5.458585619,5.485290798
United States,Libya,Import,AHS Weighted Average (%),,,,,,,,,,,,,,2.298845582,5.595198882,5.384858213,5.040109455,5.42809973,5.524137301,4.765310596,4.313255142,6.722199271,6.465895555,5.388340419,5.344102314,5.435604899
United States,Bulgaria,Import,AHS Weighted Average (%),3.962345966,5.248756507,5.006873799,,4.808953677,9.161820233,9.0189187,11.32235555,13.05841965,9.614106423,8.186588429,8.755310936,7.963064901,7.676172842,7.613703764,5.782320055,9.263382873,8.970536872,10.55387365,7.874852034,7.159474218,6.925136009,6.548601162,5.776187994,5.301948286,5.313049058
United States,New Zealand,Import,AHS Weighted Average (%),3.551522627,3.627987648,3.427253014,,4.596932176,4.463378931,5.043405744,5.390027394,5.108930284,4.754900257,5.400506001,5.033281415,4.903615544,4.899353843,4.847514966,4.803450933,5.125439614,4.506503645,4.735000499,4.385696959,4.428155828,5.048534301,4.690104201,4.938357336,5.0458952,5.163653948
United States,Indonesia,Import,AHS Weighted Average (%),6.276389366,6.734308163,6.55130896,,5.541873481,5.636858045,5.632668996,4.804440794,4.702502544,4.86911687,4.900085303,4.763644626,4.4880812,4.184494141,4.185321956,4.566296985,4.673137188,4.195850835,5.005414943,4.85485483,5.430939509,5.706241234,5.829761518,5.601702083,5.051332477,5.04830614
United States,Bosnia and Herzegovina,Import,AHS Weighted Average (%),,3.708398516,2.673846199,,0.213695087,0.371041756,0.600703703,0.406403953,0.842573898,0.676911148,0.795916342,1.59125487,1.543728822,1.62717484,2.63767269,3.836756539,4.573004207,4.097249712,6.664662139,7.018256131,5.859253162,6.904139117,6.235014111,6.340118423,5.030707184,4.996900219
United States,Tanzania,Import,AHS Weighted Average (%),0.800933711,0.591594924,1.714032907,,2.2206175,4.541546234,5.723615171,4.979204701,5.220189169,3.78218917,2.534885138,1.386277797,0.921613289,4.722837695,2.777310979,1.771487019,0.067869878,0.517946746,0.028835299,0.006172464,0.136841401,1.613744085,0.055421436,0.401274728,4.995765355,4.992732417
United States,Portugal,Import,AHS Weighted Average (%),7.368570533,7.548211179,7.359106917,,7.192297837,6.645476677,5.973444356,6.141640939,9.207298361,5.726801856,5.213299878,4.141251345,3.931078933,3.751885803,3.340846563,3.52632973,4.085563337,3.739105141,3.915518723,4.291888481,4.228780595,4.362213012,4.48758877,4.322069221,4.320540015,4.313038821
United States,Moldova,Import,AHS Weighted Average (%),,10.09760015,12.98687048,,3.897334279,6.540530275,6.147102993,5.313825637,4.150264946,4.319197804,5.734436365,10.08642506,11.32628377,12.63830475,11.48390232,8.050623903,10.56887681,8.197693024,8.111521018,6.9252044,5.92290136,4.439977826,3.255651714,3.376851524,4.148233337,4.188444419
United States,South Asia,Import,AHS Weighted Average (%),6.685131102,7.20332828,6.915462384,,6.77436551,6.969395295,7.039651,6.843932599,6.408309665,6.417351575,6.674611307,5.887649191,5.624046395,5.223701535,5.244519894,4.953159869,4.8353738,4.432487818,4.976084379,4.695815185,5.039249272,4.613364767,4.728265893,4.683850303,3.991177028,3.99324971
United States,Russian Federation,Import,AHS Weighted Average (%),,0.617989865,1.381301131,,1.438432449,1.757754114,1.909180611,1.639973688,1.134174706,1.131506393,1.392473719,2.162766358,2.257026586,1.827800945,2.280979758,2.132226386,1.959561629,1.899957418,1.923587078,1.858280766,4.686992485,4.87703559,4.975123306,4.181787205,3.916877349,3.961922388
United States,Argentina,Import,AHS Weighted Average (%),3.228430216,3.344382519,3.167655486,,3.642388712,6.451053017,5.20832996,4.789867779,4.668396749,4.280554543,3.777036789,4.732184412,3.893327454,3.643419563,3.802904284,3.285340132,3.34590746,2.786129741,2.633696138,2.54749715,2.62311449,3.963945813,2.129785635,2.882635903,3.878311206,3.957947915
United States,Spain,Import,AHS Weighted Average (%),5.475230831,5.559354245,5.674825728,,5.450793949,5.111397118,4.603007981,4.546914738,4.622908595,4.669310434,4.798067312,4.053877322,3.571479234,3.201464883,2.990155693,3.212981747,2.962578935,3.022527874,2.896641793,2.956160912,3.430193961,3.112518689,3.005530598,3.800159634,3.778810188,3.788365693
United States,Belize,Import,AHS Weighted Average (%),5.716401522,5.013989354,6.376651537,,6.246251892,8.360247798,7.185327486,8.282057003,4.901994032,3.952513235,5.603877064,6.3326777,4.261079746,3.199982622,3.374554814,3.015927322,2.777516088,0.017740565,0.011576167,0.007970617,0.880811617,0.009301472,0.014713272,0.763298505,3.54026563,3.77213932
United States,Cyprus,Import,AHS Weighted Average (%),9.048477698,8.573969674,6.571858098,,7.968772469,8.66882451,9.894666944,6.180723128,9.102247351,7.876866173,7.252770045,7.714663094,8.889531573,5.616976042,4.599475356,6.598281055,6.433161859,6.892553793,9.026266188,6.926449026,4.866837104,3.565141071,2.520428955,2.30958285,3.663731588,3.761148688
United States,Nepal,Import,AHS Weighted Average (%),12.8557969,12.03963483,10.66510548,,10.84390959,10.99721954,10.75899783,9.904217771,9.275721003,9.313328899,9.332138531,8.487150823,8.825087803,7.846444775,6.20814713,5.730409712,4.140289484,3.021224936,3.194805144,3.514610225,3.384061043,2.984351198,3.142650317,3.385258384,3.549542495,3.494205899
United States,Uruguay,Import,AHS Weighted Average (%),5.237764186,5.10878295,4.517897321,,3.240889417,3.602766613,3.78461099,3.675695638,4.297270686,3.084807,4.265940642,3.590333503,4.957647812,6.126095992,6.180216702,5.374292399,6.45331384,3.795472558,3.713314295,3.400754104,2.705759508,3.064790709,3.101092278,3.094395991,3.452404192,3.476465141
United States,Greenland,Import,AHS Weighted Average (%),0.237359797,0.256079619,0.218840921,,0.589867877,0.440849782,0.103834374,0.028069503,0.009995669,0.000226131,0,3.276973625,3.030590319,3.17495872,3.398457683,2.795109909,3.057478093,2.687697629,2.29700624,2.972779921,3.632624459,3.672351301,2.967386449,2.929363735,3.470589702,3.470589702
United States,Aruba,Import,AHS Weighted Average (%),0.001818624,0.000293449,0.006464047,,0.004513942,0.000343605,0.723680442,2.313749569,2.34224E-05,4.34821E-06,6.99581E-05,4.216563878,4.496204782,4.442609444,4.224677443,3.664679041,3.462740537,3.483606241,3.712499701,0.023224871,3.999309739,3.794207382,5.47308E-05,0.027554629,3.222166938,3.308172694
United States,Greece,Import,AHS Weighted Average (%),8.716564029,9.131225584,7.874543989,,5.787149931,10.70405135,8.245249346,6.773072494,8.161290887,6.80234307,6.725626857,6.708655271,7.076235652,5.745750173,5.81941265,5.049524604,5.180941595,4.651360414,3.888906339,3.299870202,2.846068108,2.822314072,3.303161371,3.690377019,3.210874047,3.23036723
United States,Fiji,Import,AHS Weighted Average (%),9.094728765,8.564731821,10.61279738,,12.9043019,13.1003242,11.92263623,9.465427581,11.67275762,9.420863556,9.600196593,9.03291974,9.095564228,8.485216077,5.67571472,4.995599495,3.434671284,2.880603809,4.165267044,3.897344126,1.583676152,3.436565612,3.460228549,2.950211984,3.145121502,3.175669627
United States,Qatar,Import,AHS Weighted Average (%),14.24861856,13.88715234,10.73481756,,11.82888107,12.28544853,10.02446819,9.690959667,16.45665295,5.584444472,6.685838174,4.615469747,4.073007827,2.404872143,2.630085451,1.403877587,0.793782615,0.222227213,0.03918578,0.098667077,0.601792147,3.007282999,3.047947206,3.396190709,3.032827752,3.073555741
United States,China,Import,AHS Weighted Average (%),9.629224647,9.140252327,8.979554987,,6.596073408,6.109357988,5.684370164,4.911232658,4.427894373,4.112224777,4.161654617,3.864127222,3.442800264,3.064301706,3.126323036,3.066270027,2.883674054,3.091148961,3.184769179,3.140197215,3.030967251,2.946726833,2.94626251,2.890274583,2.89699267,2.895460164
United States,Romania,Import,AHS Weighted Average (%),8.126493937,5.198627242,6.250545044,,6.241359486,5.718283502,5.385702667,6.424863015,5.130109697,5.235199942,4.718749355,4.911667398,3.868557344,2.579708559,2.224786101,2.568441258,2.107639731,3.09397139,3.02609764,2.734280511,2.761876029,2.932077992,2.950472746,2.743188676,2.8563679,2.865469717
United States,Norway,Import,AHS Weighted Average (%),3.496434974,3.745171434,3.351414606,,2.749471167,2.815846728,1.388659345,2.540612662,6.760303224,5.191852816,4.028901477,2.39687295,2.447126529,2.769074679,2.507314968,2.788469738,2.963535271,2.863742643,2.668798663,2.810498407,3.358739365,3.775439547,3.205026536,2.79871612,2.81037563,2.818618182
United States,Equatorial Guinea,Import,AHS Weighted Average (%),0,0,2.333333254,,2.133569962,2.301263576,0,0.059315898,0,0,0,0,0,0,0,6.79904E-05,0,1.88341E-06,0,0,0.000220875,0.000232645,0.000440787,2.371025887,2.711301314,2.711301314
United States,Turkey,Import,AHS Weighted Average (%),5.547870901,6.135805524,6.141414585,,6.865850364,12.906274,11.63265063,10.80971676,9.258658045,7.571607345,8.27476133,7.666828525,7.082635361,5.403356854,5.42068153,4.301445374,5.234226022,3.501107938,4.694351137,3.563165305,4.745777222,5.20319013,5.725634305,3.884862027,2.692470629,2.683609038
United States,Italy,Import,AHS Weighted Average (%),6.357111973,6.366023244,6.058161861,,5.494087852,5.348478746,5.059565071,4.638431026,4.422893494,4.17466919,4.183562806,4.003380376,3.898055208,3.618516777,3.399235994,3.351689764,3.201564418,3.189685787,2.924303893,2.966662889,2.98878853,2.898305219,2.792200756,2.723787951,2.670587558,2.679064088
United States,Tunisia,Import,AHS Weighted Average (%),3.411946839,4.450618546,5.140976533,,5.541642095,4.564207476,4.934713727,6.69983136,5.571068437,5.013517006,4.263422412,5.83964575,5.889627658,4.256942164,5.026354264,3.067941149,3.480425276,2.994653734,2.757933091,2.910106584,3.536966633,3.138841714,2.770351043,3.288998156,2.601539138,2.598081529
United States,Saudi Arabia,Import,AHS Weighted Average (%),8.318424717,8.241298984,7.562680368,,7.571262292,6.762326607,1.031672439,6.854686439,15.58766439,7.544356567,6.695837707,5.373803628,4.870553091,4.49185492,4.847911168,4.136429415,3.841376054,3.980268305,4.115636599,3.537168024,3.44769575,2.879813391,2.866265552,4.176254255,2.528850269,2.544084554
United States,East Asia & Pacific,Import,AHS Weighted Average (%),4.856399462,4.863032013,4.717710653,,3.78566749,3.575680244,3.463129026,3.167180996,2.973144053,2.853826,3.07865018,3.25560662,2.928237618,2.693481428,2.645177293,2.637432557,2.502681953,2.670037982,2.774160294,2.756523105,2.742565934,2.703695604,2.651731512,2.622404925,2.579198737,2.52494315
United States,"Serbia, FR(Serbia/Montenegro)",Import,AHS Weighted Average (%),,7.825049983,,,,6.30970498,2.747183772,1.870712864,3.734882344,1.759015748,2.249600037,2.801661938,2.652618333,1.19051246,2.594167633,2.55316585,3.281487939,1.235880748,2.21983587,0.897652549,2.520370486,0.812623904,2.240944639,2.567499468,2.524341281,2.523354797
United States,Tokelau,Import,AHS Weighted Average (%),6.670721567,5.163917446,1.837513812,,2.389325568,5.656232228,4.450210576,6.563619113,3.803680785,6.320837914,15.19902858,6.352494131,10.20408025,3.97124542,4.323651039,4.726605626,5.221931568,5.178912497,3.525352796,1.80666663,4.646652424,3.023823877,0.937206025,5.466424524,4.714936689,2.484653336
United States,Costa Rica,Import,AHS Weighted Average (%),4.394402468,4.535858541,4.726224793,,4.677573474,4.725557836,4.372243787,4.866044006,2.399494852,2.637684174,2.66319452,2.197704223,1.758159964,1.689426972,1.323273662,1.286618513,0.366659501,0.144936593,0.106865237,0.075591196,0.994758491,0.896869219,0.633461546,0.902197891,2.406968646,2.471748443
United States,Slovak Republic,Import,AHS Weighted Average (%),,,7.405135014,,6.132970775,6.568046421,5.2873417,4.467311403,3.808691716,2.866313812,3.176043293,2.892690129,2.541865823,2.425843158,2.282673645,2.214498176,1.246509587,2.384191181,2.411094954,2.364369147,2.358201897,2.308048254,2.447976331,2.407174067,2.467218739,2.466812762
United States,Croatia,Import,AHS Weighted Average (%),,4.840271317,4.783656203,,4.336192379,4.314341985,2.121078834,1.639726652,0.995664642,1.005638197,1.143878158,1.22219947,1.568708115,1.141992643,1.297572668,0.978593669,1.381963104,1.824398037,1.672552671,1.394215286,1.61643992,1.777369343,2.004958869,2.079285957,2.434417281,2.422961162
United States,Albania,Import,AHS Weighted Average (%),0.088921825,1.161326279,1.557925335,,0.28477277,4.069624391,16.61039234,15.99769468,3.611189485,16.31983813,13.7836578,10.04506726,0.629438901,3.229550508,3.16220683,4.77130529,3.21369728,3.176767172,3.040006118,1.066605159,1.433135332,2.054506468,2.051329203,2.641349179,2.407937758,2.409656442
United States,Venezuela,Import,AHS Weighted Average (%),2.024317077,1.957906985,0.056357355,,0.045342371,0.023569064,0.457860085,1.650396705,0.06154797,0.050972928,0.014915954,0.028130959,0.003612974,0.002362788,0.001824568,0.001833747,0.003962535,0.000915532,3.149603593,3.846795212,1.799893263,2.006356385,2.091493992,5.091146168,2.357480858,2.357587438
United States,India,Import,AHS Weighted Average (%),4.156994969,4.428612615,4.326381642,,4.088352412,4.219303882,4.166052148,4.013814497,3.702496945,3.632844052,3.853392707,3.390412988,3.200103629,3.010945604,3.214033006,2.883428113,2.761271843,2.477031,2.977180562,2.985955457,3.563365442,3.28544697,3.366966344,3.379643073,2.340826498,2.341932974
United States,Algeria,Import,AHS Weighted Average (%),7.66298791,7.653438147,7.101567978,,8.104686186,7.420618137,2.396953869,7.09032376,34.66360837,13.30645527,9.688210546,6.173844125,5.102117725,4.487637692,3.721072027,4.66891709,4.096804788,2.34243257,2.350554493,2.471687414,2.966211261,2.410223862,2.440834255,2.275798308,2.330161311,2.330134211
United States,Madagascar,Import,AHS Weighted Average (%),0.120036478,0.194320045,0.667798571,,3.464799618,3.188269627,5.493417833,3.964199656,7.81248116,8.457784095,7.950486631,5.61712718,6.119555288,7.841237091,9.589104223,9.677942092,0.009404761,10.67683156,0.01570025,0.043904665,0.069617851,0.063025761,0.050590452,0.057353606,2.263730708,2.263943941
United States,Azerbaijan,Import,AHS Weighted Average (%),,0.922576698,3.399576057,,9.638056161,9.136984038,4.816842601,1.777207208,8.866999761,6.184265288,7.265008698,2.730391496,0.178193794,3.943141632,5.631987494,3.859433037,6.27130036,5.872041279,0.18211514,0.426269748,0.120415389,2.667989474,3.12933245,2.402178623,2.250373952,2.250457833
United States,"Hong Kong, China",Import,AHS Weighted Average (%),8.917146648,8.744759254,8.355635928,,7.548419778,7.026766948,6.905189322,6.991934559,6.653156771,6.470630137,7.013833328,6.791595627,6.711846241,6.588557296,6.456976777,6.019336027,5.448151251,4.825765439,3.33510774,2.891814403,3.027076041,2.909313131,2.857806312,2.731249416,2.243377675,2.244733989
United States,United Arab Emirates,Import,AHS Weighted Average (%),10.30659354,11.40167362,10.91014453,,9.422851919,8.736305356,8.529646986,8.424182204,9.617030713,8.402604055,8.042389511,6.625980505,5.790143159,5.373928441,4.42073902,3.510342475,3.177660852,2.540356416,2.495831764,2.326250264,2.287976491,2.620675942,2.424600671,2.072476642,2.192894297,2.190378214
United States,Philippines,Import,AHS Weighted Average (%),5.785491954,5.447955875,5.149177003,,4.629805597,3.840156088,3.354180462,3.030078167,2.808540092,2.517001948,3.046808867,2.854067795,3.129633609,3.202216227,3.163710912,3.363078435,3.266761997,2.754861252,3.042735168,2.56262873,2.749208713,2.324058668,2.288735082,2.129923171,2.18759138,2.190329514
United States,Belgium,Import,AHS Weighted Average (%),,,,,,,,,3.721630772,2.627231409,2.703600801,2.276460864,2.221798738,2.479525055,2.325579537,2.449245798,2.329005792,2.588801394,2.186333193,2.328879749,2.184211899,2.068698548,2.147639892,2.272361988,2.113058042,2.128998661
United States,Occ.Pal.Terr,Import,AHS Weighted Average (%),,,,,,,,,,9.597950384,14.45405364,14.30036305,11.41840113,8.687006047,5.675524391,7.672718488,6.01131409,5.911234019,8.238757566,6.086518671,10.05667536,4.524585096,6.533344153,4.138051327,2.219335579,1.956860975
United States,Mozambique,Import,AHS Weighted Average (%),0.368188519,0.193669627,3.032714454,,19.22290254,9.995941613,12.99514989,8.766916328,0.061229114,12.02243685,22.04580817,19.97151281,22.86995887,19.91769994,21.12199589,18.69025125,1.372101679,0.067242557,1.077035416,6.805613622,0.938604517,0.838383172,2.928923487,1.947462289,1.843751422,1.954529156
United States,Europe & Central Asia,Import,AHS Weighted Average (%),4.449403012,4.469811914,4.380954525,,3.698744075,3.655690039,3.246898715,2.885941593,2.965847361,2.645247559,2.531753015,2.394750892,2.310206061,2.199340631,2.204137118,2.162219172,1.855792673,2.1339172,2.003680789,1.965966744,2.234811868,2.218204816,2.224154317,2.094040043,1.940166872,1.945170544
United States,Syrian Arab Republic,Import,AHS Weighted Average (%),7.611719593,7.584747622,8.55772506,,9.462084259,11.02098011,4.613539941,5.685661738,15.69165547,9.970893254,9.672297349,9.436415101,8.324142896,7.98272218,7.287979411,6.664865137,5.6597949,6.430687113,6.585661668,6.468619458,6.486115681,2.904494676,0.921347677,1.138689572,1.945243536,1.942626252
United States,Hungary,Import,AHS Weighted Average (%),3.937289261,4.51285838,3.965989779,,2.816129458,2.08380562,1.397647814,1.150443644,0.821808028,1.546661298,2.057260861,1.224041321,0.721639238,0.662551763,0.462653098,0.508379781,0.353799367,1.180365762,1.070429742,1.245159736,1.380742581,1.428886651,1.599250395,1.842215789,1.918808172,1.918015141
United States,Cayman Islands,Import,AHS Weighted Average (%),0.147288241,0.365262625,0.176248953,,0.160472031,0.375608661,0.102458572,0.539649267,0.331190907,0.514071296,0.211980893,1.756549527,1.241877013,0.533518555,1.406916974,1.225270669,0.608436807,1.36521457,2.194012641,2.144676273,0.58041803,0.35358245,0.338791241,1.199624027,1.918245296,1.917668594
United States,United Kingdom,Import,AHS Weighted Average (%),3.768633069,3.901585131,3.920442418,,3.172007814,3.086536177,2.474772264,2.264564644,2.682788585,2.10459807,1.871282092,1.770084949,1.6873807,1.795459348,1.917563361,1.890110625,1.560827013,1.932780275,1.945243585,1.949062667,2.093015444,2.058223021,2.019035321,1.909961594,1.907130193,1.908015073
United States,"Other Asia, nes",Import,AHS Weighted Average (%),6.630961837,6.044869559,5.581835206,,4.115771033,3.819390661,3.472677438,3.041936934,2.625955987,2.459970242,2.664431301,2.553627177,2.511114716,2.379490959,2.266468177,2.022114787,1.612436038,1.999929958,1.851062021,1.782737134,1.649885615,1.843500903,1.807733883,1.769476908,1.873925928,1.875522425
United States,Netherlands,Import,AHS Weighted Average (%),4.048023519,4.137942007,3.941212324,,3.748359107,3.113463395,2.739487531,2.53485251,3.21296913,2.528208068,2.377719788,2.068069629,2.239230794,2.377692757,2.935242646,2.929988265,2.252049709,2.948884955,2.595451038,2.444478954,2.779937899,2.55036926,2.347126672,2.097522358,1.84663435,1.854192766
United States,Japan,Import,AHS Weighted Average (%),3.509304193,3.470650128,3.387663639,,2.90060392,2.645937397,2.420298242,2.062533527,1.854145225,1.89570526,1.976608255,2.118660149,2.004191799,1.914089017,1.795707353,1.852870422,1.024521274,1.891998158,1.843212896,1.901999605,1.75543035,1.803611831,1.824628235,1.803673456,1.813536133,1.814475052
United States,"Micronesia, Fed. Sts.",Import,AHS Weighted Average (%),,13.00310472,11.41646177,,11.17231895,13.48172536,13.57786262,14.10568095,14.95784285,14.10242763,13.2252431,12.92204391,12.84014079,12.28864455,8.956014078,0.837641316,0.031955477,0.22557275,0.419655183,0.389399372,0.986362434,2.182592382,1.048189906,2.314449415,1.776421406,1.776421406
United States,Lebanon,Import,AHS Weighted Average (%),3.305164482,4.357398894,1.737865033,,1.478682796,12.62021345,8.679428477,15.61793331,6.529848301,11.40638791,14.00115293,5.598568717,11.46009075,2.359378101,1.286202338,1.142675727,1.208084493,1.143464555,1.356483061,1.249097794,1.411891167,1.622096444,1.321087979,1.715915402,1.738413011,1.746241913
United States,Czech Republic,Import,AHS Weighted Average (%),,,4.436136836,,3.060180305,3.79999516,3.260747273,2.480398376,2.079492855,1.258356567,1.123810743,0.913608626,0.790307764,0.640488374,0.63405583,0.481923338,0.453509199,1.723892269,1.721255145,1.747014871,1.687121998,1.677178085,1.70495249,1.632854303,1.709635537,1.716156479
United States,Panama,Import,AHS Weighted Average (%),3.808024054,2.912017519,2.020718263,,2.962148405,2.075213458,2.55121068,3.527239153,2.340050819,2.371717662,2.583370187,2.220657071,1.765889783,1.161382471,3.090192331,1.933989797,2.254769245,1.316018171,1.695037121,1.384358242,2.151832102,1.491152754,0.932730358,1.014989531,1.626768491,1.706224382
United States,Kazakhstan,Import,AHS Weighted Average (%),,0.629692292,1.514939531,,1.340458712,1.179913507,1.515566191,1.765436572,1.148472898,0.99741034,1.331495719,2.48325528,2.661618044,2.912594626,2.65095682,2.36650733,3.017709029,2.127598216,2.743275892,2.323797635,4.597658583,5.684340614,5.459743993,5.275190102,1.691084611,1.706211416
United States,Ireland,Import,AHS Weighted Average (%),4.470670306,4.279640767,4.298680356,,2.658225302,3.345420976,3.722828848,3.570423287,3.565461588,3.906958383,3.385287843,2.757739086,2.622035687,2.251719436,2.272763746,2.289007046,1.668789035,2.107955962,2.142754734,2.007980183,1.944940915,1.979725091,2.324759545,2.046200752,1.685420615,1.680887137
United States, World,Import,AHS Weighted Average (%),3.947714847,3.949103932,3.751360455,,2.936534187,2.858665506,2.595469916,3.094413308,2.311779067,2.095656867,2.114461552,2.158553134,1.956393748,1.79374778,1.745714144,1.702409365,1.544553333,1.574410839,1.708640273,1.661390047,1.676823598,1.677941242,1.668495801,1.689355444,1.687444159,1.666141421
United States,Slovenia,Import,AHS Weighted Average (%),,4.542035012,4.49971619,,4.106464017,4.498826726,4.348080292,3.49102147,2.871342092,2.848138037,2.577272149,3.122353896,1.928235122,2.031146489,2.130313255,1.920566271,1.47931245,2.080562252,1.719771462,1.843998106,1.859500385,1.863692945,1.947599547,1.622365595,1.631419288,1.630596395
United States,Germany,Import,AHS Weighted Average (%),4.012747724,4.061884421,4.053507759,,3.363491296,3.182021994,2.845640715,2.410463353,2.267477455,2.146740373,2.078813414,2.100185222,2.009023931,1.916555756,1.88960025,1.82094965,1.197229299,1.748345988,1.599900729,1.706905038,1.671615476,1.673897309,1.709515962,1.658778191,1.628529353,1.629943752
United States,Kuwait,Import,AHS Weighted Average (%),6.761097336,7.577083374,10.50788638,,5.851585788,2.035781409,0.432853853,2.220862621,12.94818212,11.20149642,7.843330534,6.631190341,4.661829278,2.458391817,5.007749718,2.08534261,2.398175681,0.454332166,3.094702304,0.944348921,0.008828832,1.518424779,2.38538559,3.111176544,1.499658223,1.525379379
United States,Sweden,Import,AHS Weighted Average (%),3.541780862,3.465677176,3.60771643,,2.99175671,2.829136995,2.664662906,2.087271285,2.158469939,2.030898921,1.826937495,1.49331676,1.442581806,1.422561262,1.323439608,1.406019052,1.007507425,1.470727795,1.277428027,1.438419019,1.717631328,1.514719196,1.497509253,1.739737069,1.506116566,1.507711504
United States,Barbados,Import,AHS Weighted Average (%),2.877806629,1.804994126,1.568347185,,0.46188284,0.370963148,0.31014404,3.096081514,0.190739199,0.331132485,0.359277562,0.322827306,0.070310619,0.163972454,0.065311674,0.084339284,0.121366486,0.056779956,0.06584502,0.066057005,0.023781278,0.02280108,0.03417127,1.281797793,1.407873542,1.499808139
United States,Finland,Import,AHS Weighted Average (%),3.429601957,3.466022042,3.251894631,,3.035994751,3.096345807,2.342221367,1.984683174,3.698402224,2.814216182,1.868132097,1.666931852,1.453980574,1.491479364,1.605558227,1.798999668,1.914178922,2.459919214,2.026424059,1.401799366,1.659509517,2.191227951,1.963483575,1.876880847,1.454265644,1.48260893
United States,Ethiopia(excludes Eritrea),Import,AHS Weighted Average (%),,,0.07722652,,0.375093278,0.161035208,0.029625481,0.008493554,2.078551673,5.085480366,7.711771118,10.38689042,3.051509634,1.820213705,1.67240875,1.59764636,0.211889258,1.29044794,0.018463079,0.00770654,0.00567506,0.012487544,0.009160758,0.008634185,1.434582262,1.429501696
United States,Poland,Import,AHS Weighted Average (%),4.311877982,5.152163798,4.685580416,,3.668844771,3.405396249,2.914176309,2.684229511,2.296044177,2.164468351,2.259031227,1.984361994,1.929191873,1.402797524,1.29214832,1.315321289,1.337517769,2.288231083,1.911303191,1.738246681,1.541729289,1.670478073,1.636848008,1.462040277,1.433342552,1.427500447
United States,France,Import,AHS Weighted Average (%),4.436597716,4.336636715,4.294001237,,3.588822544,3.157617615,2.923929482,2.302440857,2.176750323,1.808796537,1.683648674,1.562782068,1.64507128,1.634265259,1.682759282,1.656334516,1.372304951,1.742042005,1.474155583,1.389736265,1.55926494,1.527056785,1.503711999,1.504560489,1.378680121,1.385988732
United States,Australia,Import,AHS Weighted Average (%),2.998794416,3.18130179,3.309313819,,5.148022073,3.761882769,3.168596955,4.064170197,4.606460854,3.931625562,4.104069446,4.070534312,3.823740099,3.59760758,1.681029196,1.493150708,1.713001788,0.831388131,1.144033679,1.000802594,1.027034012,1.38066729,1.138988351,1.5525343,1.294221285,1.304994301
United States,Brazil,Import,AHS Weighted Average (%),3.560295349,4.283042847,4.293762701,,3.077073291,4.958729289,4.786944984,3.734422859,3.204363661,2.880372864,2.984369688,2.936492394,2.869846593,2.334361619,2.356500638,2.297971256,2.440867006,1.624368227,2.835760656,3.122357885,1.523671527,1.640058967,1.709972372,2.511422791,1.284990882,1.300809229
United States,Saint Maarten (Dutch part),Import,AHS Weighted Average (%),,,,,,,,,,,,,,,,,,,,,0.466481373,0.311779799,0.415266892,0.641502975,1.316872763,1.300190992
United States,Austria,Import,AHS Weighted Average (%),4.922363031,4.923297556,4.981658198,,4.061120645,3.55346648,3.087348233,2.667856062,2.149893536,2.031335348,1.956832343,1.718447617,1.60253928,1.679246667,1.478894596,1.555639029,0.948792458,1.489474795,1.380604627,1.325428374,1.326333544,1.312617639,1.34398411,1.304755401,1.286090603,1.28656016
United States,Tajikistan,Import,AHS Weighted Average (%),,1.129357567,1.585124966,,2.548182136,2.12093159,4.132150304,1.980108756,1.970368621,8.469152596,7.950125007,8.329489417,11.29757598,8.659129047,1.322936608,1.302515317,0.901548418,1.298253832,1.629221241,0.25986089,1.409201836,1.288247248,1.260324209,4.317322388,1.284304802,1.283960255
United States,Marshall Islands,Import,AHS Weighted Average (%),,0.408223548,0.769433348,,0.023893965,0.532951433,0.118725622,1.096384244,0.09106562,0.277208879,5.698262979,1.095340399,1.329531355,1.202055182,0.421190877,0.424060511,0.229185872,0.471687937,1.170218825,2.120379474,4.655869792,3.214763847,2.649128311,1.607518894,1.255076406,1.255477892
United States,Switzerland,Import,AHS Weighted Average (%),4.617723027,4.845538309,4.515374017,,3.508646308,3.57880742,3.367079984,2.597235786,2.38013979,2.190463525,1.998254993,2.062053437,1.808611623,1.916782141,1.968394262,1.725601557,1.449618075,1.595961722,1.454444024,1.431547907,1.40233445,1.328545131,1.28793178,1.231080985,1.239202348,1.243164696
United States,Armenia,Import,AHS Weighted Average (%),,1.011925393,4.424967529,,2.301176999,8.4393358,11.47638057,12.95792146,10.7883278,4.643857334,5.335452894,5.29631908,3.475151196,2.734171892,0.978362694,0.800422881,0.865261931,0.83218325,0.342767317,0.466997428,0.392183645,0.512987955,0.765061669,0.858575389,1.203003295,1.220132523
United States,Thailand,Import,AHS Weighted Average (%),3.587966652,3.607442768,3.431474781,,2.901834374,3.199728711,3.443776888,3.228580785,2.972336728,2.901978311,3.227507449,3.007484391,2.857008785,2.432613004,2.164364687,1.975264388,1.971315953,1.825529673,1.824369267,1.734824426,2.86149349,2.705191072,2.647359765,2.633715842,1.200162527,1.202909326
United States,Estonia,Import,AHS Weighted Average (%),,5.581341599,4.122958055,,5.464294054,4.738888053,3.605750917,3.582330808,2.753072768,2.45993091,2.703521208,3.120678614,2.90790003,2.464057244,4.615765718,3.688289237,4.092902721,4.093385366,3.71250428,0.963430375,1.239936925,1.521289456,1.434750146,1.076567695,1.174066025,1.177752774
United States,Ecuador,Import,AHS Weighted Average (%),0.438386347,0.384502882,0.276403569,,0.538598147,0.965174063,0.545584823,1.089610085,1.00094166,1.10923614,1.273276744,1.338745326,0.772146781,0.492660089,0.412780313,0.306349646,0.355771325,0.196527956,0.221222619,0.168508707,0.112206988,0.106311699,0.092326811,2.068775912,1.160487086,1.164493884
United States,Latvia,Import,AHS Weighted Average (%),,1.338555353,1.409507625,,1.680707156,2.460932458,1.99346884,2.581429798,2.379910869,2.504879603,2.327036427,3.211707012,3.004960497,3.665488002,2.461198889,4.3265745,2.275381991,2.735364695,2.673367641,1.652701806,2.334088011,1.455852434,1.041622614,1.165430969,1.103466654,1.102632265
United States,Nauru,Import,AHS Weighted Average (%),0.404979714,6.302107699,6.299602308,,1.449161398,5.572887895,5.643307033,4.725289428,2.695726834,0.040343339,3.913368774,2.88974151,0.938005167,1.924545307,2.355434858,1.482776897,0.897198826,0.666422054,1.23187393,3.833273512,1.476179242,1.80656778,0.547270547,1.713060829,1.048689196,1.093288842
United States,Eritrea,Import,AHS Weighted Average (%),,,,,5.336051539,3.234892988,0.03217864,0.604371447,0.634812085,7.655057195,0.842062476,0.08051703,2.540959597,0.118765908,0.067333402,0.916197222,0.642240036,0,0.719618649,8.511145693,0.27851559,0.444665442,5.130385167,0.216522003,1.079613078,1.079613078
United States,Gibraltar,Import,AHS Weighted Average (%),0.673815483,0.100771979,0.079000117,,0,0.317514184,4.444773649,1.358350669,1.017215769,0.346653109,0.639749184,0.133302722,0.043471018,0.219120651,0,0.257091136,0,0.570445669,0.728387611,0.631577647,0.28775008,0.125583039,0.035411036,0.900115373,1.069279062,1.069279062
United States,Holy See,Import,AHS Weighted Average (%),,,,,,,,,,2.250961321,2.485594727,8.439626843,2.862206879,2.816234412,7.659111227,2.056720717,0.170614315,2.708542773,3.118395158,2.721568287,4.938369139,1.426484556,1.629911144,0.957724247,1.027122446,1.027122446
United States,Sub-Saharan Africa,Import,AHS Weighted Average (%),1.925188348,2.542776107,3.325993844,,2.733630925,3.766184675,1.205484369,2.079683794,4.086506072,2.101247703,0.849836188,1.098494476,0.873834435,0.680117689,0.477867519,0.341671785,0.052908928,0.215355993,0.080899072,0.074861633,0.0469334,0.088947978,0.097600109,0.168745231,0.997236838,1.001640794
United States,Luxembourg,Import,AHS Weighted Average (%),,,,,,,,,2.827819788,2.149592557,1.945790556,1.916317091,1.610848502,1.451535466,1.507477787,0.92996569,0.727462788,0.865771235,0.931798475,1.101582384,1.133519144,1.21593826,1.099113348,0.965976942,0.989058458,0.991323995
United States,Cape Verde,Import,AHS Weighted Average (%),0.106286551,10.19999981,0,,1.581498169,0,0,0.089252305,0.475576831,3.085240484,10.14786621,12.81757289,9.790674454,12.69777879,13.24932713,0.002684247,0,0.443654015,0.001008655,0.092555856,0.337712232,0.073421177,0.435728748,0.144641855,0.977138239,0.977138239
United States,Jamaica,Import,AHS Weighted Average (%),5.949810214,6.652371252,8.108941439,,9.676965756,9.658107023,10.47866472,9.989260575,7.893254269,6.292311586,5.854043197,4.50184223,3.20451422,4.476027752,2.228047336,1.452431576,0.83910653,0.353703955,0.185419072,0.786445651,0.532143457,0.195838533,0.225543706,0.780479409,0.907601712,0.945521011
United States,Denmark,Import,AHS Weighted Average (%),3.913315677,4.172157431,4.046989098,,3.41108822,3.235495208,2.93911682,2.438094524,2.469973269,2.342725569,2.049757792,1.782695937,1.860896315,1.577447513,1.539882986,1.609725323,1.255843759,1.616544313,1.302954562,1.215417958,1.202613179,1.027469088,0.950896677,1.000464344,0.92875854,0.942235622
United States,Mongolia,Import,AHS Weighted Average (%),1.722961469,7.322437462,7.754308662,,9.69800968,11.09859358,11.92138617,13.54104523,13.4287685,12.46434429,12.12713696,11.75397723,11.19380324,11.26341131,11.17012948,11.36504549,10.45806129,8.763591613,1.690445249,4.511699636,0.94676418,0.358886066,0.45202388,0.877297882,0.909236037,0.936384335
United States,Middle East & North Africa,Import,AHS Weighted Average (%),4.101402154,3.933425567,3.462617333,,3.399324723,3.33658027,1.374951318,3.980736507,6.60459161,3.527153233,3.102734011,2.027956684,2.157260914,1.970526664,1.879655145,1.586940887,1.484647363,1.286309167,1.128412139,1.054239029,1.08526049,1.068664055,1.086655042,1.109656839,0.902696155,0.904128388
United States,Georgia,Import,AHS Weighted Average (%),,7.924234184,1.940925311,,4.306571537,8.256230548,3.454740232,3.33365899,1.949701378,9.961172243,9.190652678,1.444728064,4.464431556,0.900173427,3.048928429,0.427242307,1.177755157,1.151069459,2.432939848,0.735012376,0.089920133,0.102054102,0.370613281,1.266609527,0.978636117,0.892256161
United States,Malaysia,Import,AHS Weighted Average (%),1.978371121,1.712712902,1.393015702,,0.979033107,1.070908314,0.868874475,0.857821427,0.759131209,0.697055946,0.7530216,1.113157516,0.971610633,0.93854483,0.779000171,0.752347426,0.756148112,0.851210744,0.840691611,0.944708217,1.010028616,0.975235868,0.955174298,0.889240478,0.835627678,0.835584279
United States,Sao Tome and Principe,Import,AHS Weighted Average (%),10.07655048,0,0.560714128,,8.785419166,0.183847329,10.02226335,0.07196548,0.110908838,0.303358199,0.067978068,0,0.030961887,0,0.06357784,0.39364128,1.270167465,1.602903276,0.788392074,1.148919621,0.23035527,0.353698184,2.172161866,0.71281523,0.829863327,0.831614425
United States,Malta,Import,AHS Weighted Average (%),1.934575378,0.771300702,0.839317828,,0.21078633,0.12496888,0.104518645,0.223054858,0.375130255,0.352344542,0.181604123,1.049630752,0.985130091,1.019932442,0.925348825,2.162403273,1.447240797,0.935177404,1.101692571,1.260694237,0.98692967,1.167552923,0.73809032,1.077496049,0.812986483,0.812951589
United States,Ukraine,Import,AHS Weighted Average (%),,1.351800415,3.251095218,,4.391477825,3.899375194,3.730497786,3.515473476,2.153307908,1.992646572,2.555789116,4.17583723,4.073786097,1.623020996,1.28414892,1.314784115,1.056518708,1.027854441,2.635899175,1.696916215,1.447820761,1.580419747,1.254800691,1.677414018,0.79423602,0.795547489
United States,Uzbekistan,Import,AHS Weighted Average (%),,0.18139289,1.374253822,,1.214855353,6.006312467,1.583455062,2.38256148,5.260568113,6.241215061,6.69171182,6.052030528,5.899547871,3.413199671,3.900819152,2.627542779,1.997488172,1.652971083,1.661204107,1.637165055,1.666575443,3.362102979,1.578378035,4.023764062,0.738994677,0.748610801
United States,Seychelles,Import,AHS Weighted Average (%),4.373721655,0.090333811,4.410116024,,0.282791679,0.23505669,0.140259179,2.437369606,3.108615575,0.362276976,0.000182176,0.000302795,0.063916969,0.064307963,0.035002123,0.081957207,0.011832371,0.07788106,0.050109958,0.145965238,0.045201657,0.00385483,0.035053416,0.670500283,0.749309,0.710944227
United States,Guyana,Import,AHS Weighted Average (%),0.314151031,0.496916368,0.721718861,,1.296511747,2.717965908,3.088454592,2.599675219,1.926521559,3.227782647,1.919110436,2.243443852,2.150001446,2.347370895,1.074317085,2.529363933,1.835869875,0.629675099,1.530132332,1.34638533,0.402788036,0.018986925,0.011967825,0.228147123,0.667444537,0.701037137
United States,Guatemala,Import,AHS Weighted Average (%),4.762004831,5.302321139,5.706675438,,6.667389954,7.859584552,7.701928653,9.520413175,8.373711477,8.352255968,8.822781376,8.598270361,8.063715369,7.896398494,7.5999951,7.276762116,0.899833629,1.033628371,0.627870253,1.288708813,0.495988004,0.658270316,0.412398964,0.66193339,0.666081055,0.683541348
United States,Iceland,Import,AHS Weighted Average (%),1.147151201,1.081767106,0.889095112,,1.00154545,1.08365505,0.820872198,0.606814862,0.417040667,0.500395041,0.574524067,0.550298778,0.667957973,0.712065095,0.64670304,0.561415261,1.03925587,1.120058815,0.912272037,0.914102455,1.023969291,0.891062523,0.63630901,0.645687589,0.665654727,0.669001088
United States,Andorra,Import,AHS Weighted Average (%),3.666299421,3.254029126,0.715121506,,6.683460089,14.45149747,2.258757662,6.474261747,5.184338875,0.380253583,24.51060003,0.602643155,0.813830084,1.682793602,0.623234612,1.683309584,8.995084931,5.22083223,4.093993622,3.735691017,2.822925643,3.099516407,0.85032039,0.502782052,0.691382946,0.64961855
United States,El Salvador,Import,AHS Weighted Average (%),4.56065698,6.551450778,7.159615849,,10.42473684,9.697219333,11.24554136,12.95117244,11.86601166,11.38871212,11.95422161,11.68717567,11.79823943,11.41222687,11.52725821,10.61317829,0.590219894,0.618157149,0.635036619,0.666911305,0.556867753,0.87050359,0.348392899,0.545656182,0.610356768,0.648591928
United States,Dominican Republic,Import,AHS Weighted Average (%),7.073014074,8.048408386,8.195385334,,7.987537585,8.529109657,9.109041622,10.28278543,7.972240499,7.841352789,7.724183483,6.902384065,6.191489644,5.714731718,5.210112513,4.727586627,1.074121361,0.667566461,1.079740303,1.670365132,0.925646273,0.846158796,0.514845219,0.465899733,0.645514928,0.632981967
United States,French Polynesia,Import,AHS Weighted Average (%),0.079339155,0.057716835,0.013422992,,0.04752644,0.022648427,0.062577433,0.081626012,0.155808567,0.136887528,0.350311161,0.923803356,1.143131812,1.218470891,1.354438483,0.835540918,0.361489198,0.433825047,1.568992272,1.031166395,0.908134083,0.596437423,0.899162136,0.474595529,0.614314224,0.609519468
United States,Cocos (Keeling) Islands,Import,AHS Weighted Average (%),4.03685181,0.033480786,4.822210471,,0,0.045922884,0.157990515,3.102922632,0.162397586,1.154057973,8.862020517,2.339967584,1.065412966,0.594734444,2.510513901,3.739454987,2.556804336,0.57390635,0.4339711,5.466292016,2.969755446,5.298320935,3.340822879,0.872810848,0.591040016,0.589848578
United States,Belarus,Import,AHS Weighted Average (%),,0.177912993,0.793710081,,3.775528203,9.738255364,10.86530975,6.701418672,5.504063138,6.092069087,6.037891505,6.476930528,5.928839949,5.344546116,4.248003607,4.657539459,5.364264759,6.14878557,6.59025874,5.000657876,5.614019383,3.605028158,1.269997788,0.518458673,0.578154958,0.589785362
United States,Botswana,Import,AHS Weighted Average (%),,,,,,,,,,6.443814167,1.717376147,3.384986917,7.241515989,4.222764322,2.348010724,1.570449469,0.002035153,1.080243552,0.000262266,4.83077E-05,6.23182E-05,6.8266E-05,3.14147E-05,0,0.571537077,0.571537077
United States,Bermuda,Import,AHS Weighted Average (%),1.49961711,7.176678871,2.2881174,,2.616555707,4.875046197,6.642385454,4.278561871,3.353837101,0.801301397,0.249605402,0.668039647,1.611098922,0.996495591,0.837225427,1.246799485,0.841332522,1.127458475,1.224019504,0.362505302,0.265047032,0.271100993,0.295742774,0.455276168,0.515830629,0.533191073
United States,Ghana,Import,AHS Weighted Average (%),0.228429384,0.829067391,0.454491582,,0.282151641,0.144228897,0.177858737,0.873024761,0.489077547,0.69283357,0.034158843,0.055894022,0.468328623,0.443229515,0.317041993,0.638747633,0.03603042,0.07899422,0.020265563,0.012841981,0.005876543,0.019691409,0.01858073,0.03155617,0.501607815,0.501693337
United States,Iraq,Import,AHS Weighted Average (%),,,,,,,0.400000006,,33.01757784,12.83421484,12.24827025,7.913446847,8.018648334,6.541039109,2.248672613,0.02488506,1.949691665,1.569173742,1.343558406,1.188412736,1.003076276,2.087245245,0.088531538,2.226637453,0.48636334,0.496638777
United States,Anguila,Import,AHS Weighted Average (%),0.016333695,0,0,,0,0.08395768,8.679775642,1.960073569,1.806980964,1.243018731,1.147872835,0.425060928,0.738849225,0.854672257,0.825496643,0.841448456,0.743267068,0.752518497,0.686742371,0.424333213,0.262382806,0.385080859,0.311951421,0.352892764,0.401699584,0.427755542
United States,Tonga,Import,AHS Weighted Average (%),0.049420147,0.065503946,0.097811528,,0.049700265,0.305902638,0.397082455,0.573419386,0.111168938,0.180514009,0.225616038,0.183879186,0.055434987,0.151367476,0.123409222,0.119733268,0.179665752,0.32653591,0.346915293,0.199565626,0.163470501,0.124977099,0.144052263,0.100470946,0.391730164,0.393044827
United States,Cameroon,Import,AHS Weighted Average (%),4.288889816,2.069233198,3.59905589,,1.211750168,1.56315195,1.283850327,3.040451645,4.869236687,2.763149854,0.550542099,0.260248939,0.173114124,0.332508974,0.523549847,0.181523003,0.130031766,0.082464901,0.202987439,0.02787775,0.12148082,0.078423439,0.043351295,0.198929168,0.372010498,0.379804519
United States,St. Vincent and the Grenadines,Import,AHS Weighted Average (%),8.341816979,9.985830326,8.177341667,,6.805987216,4.407615976,2.067472611,0.785270299,0.132830512,0.057314288,0.072108128,1.413915726,0.033421993,0.142011358,0.023962264,0.190881611,0.103300602,2.392295622,0.014419433,0.014078417,0.001498104,0.003412984,0.000992553,0.000342119,0.375791197,0.376374698
United States,Saint Pierre and Miquelon,Import,AHS Weighted Average (%),0.677736996,0.864215506,12.19482034,,0.539101629,0.3784217,0.268208141,0.15340641,0.145584808,0.114259315,0.615280639,0.501911461,0.323893055,2.600673488,2.980834476,3.187772895,4.504497142,2.798964435,3.178896489,1.574411946,0,6.718291283,0.217545464,0,0.371241497,0.371241497
United States,"Bahamas, The",Import,AHS Weighted Average (%),0.003519716,0.000972413,0.004000462,,0.342695434,0.36211873,0.030673023,2.123476574,5.250860035,2.96330522,3.862376933,2.212422612,2.740895264,3.263293255,2.908150577,1.064062159,1.376691665,1.320651197,2.991415201,2.653465972,2.871658911,0.577100589,0.903652741,0.554062155,0.351508582,0.361601209
United States,Christmas Island,Import,AHS Weighted Average (%),0.029922059,0.018053726,0,,0.21482744,0.273312813,0.90188927,1.911244305,1.560780924,0.720077117,3.076848338,2.480474317,0.633879462,2.015518545,10.2907741,0.471007884,0.991227424,1.160029601,5.595147248,3.173244996,0.958352006,0.100843383,0.013015115,0.194118668,0.359948323,0.360419071
United States,Cook Islands,Import,AHS Weighted Average (%),2.668741137,2.803981906,0.765886552,,2.800844702,0.146986199,3.77436127,1.399815746,0.143248145,0.216749519,3.260122508,0.980382837,0.610542622,0.337020721,0.400771879,0.712346611,0.680193888,2.138042647,0.287479446,0.561081459,1.643572721,0.836082788,1.638642057,0.523248784,0.356632906,0.356622544
United States,Nicaragua,Import,AHS Weighted Average (%),0.187438704,0.466450973,0.868684517,,5.977694585,7.835365872,6.597913153,12.79956067,6.960690874,7.199464579,7.144050326,7.617850779,7.21675165,6.981839155,7.339014641,6.794973608,1.078876402,0.565097394,0.793183352,0.735095896,0.472510335,0.730156051,0.337160835,0.352005701,0.338340842,0.332852694
United States,British Virgin Islands,Import,AHS Weighted Average (%),0,0.003479197,0.082172833,,0.370539789,0.161992484,0.369626533,1.395990016,0.321542621,0.047435436,0.287585045,0.129312055,0.305461942,3.63633285,0.274482301,0.12292877,0.019701148,0.475271374,0.055396822,0.050256928,0.10539635,1.019441246,0.053441411,0.263114247,0.322393831,0.320679489
United States,Montenegro,Import,AHS Weighted Average (%),,,,,,,,,,,,,,,,,3.980767699,0.043357111,0.036269226,0.264070355,1.658223337,0.776822692,0.134586318,0.109096299,0.313701788,0.311385441
United States,Afghanistan,Import,AHS Weighted Average (%),18.60146062,14.3082589,13.79378872,,12.16161307,8.857670856,4.782455515,3.338874421,3.763567082,4.899657003,3.883361218,32.39928196,0.043566873,1.518553936,0.161299369,0.203448572,0.451161784,0.186674872,0.298572793,0.120960047,0.452152113,0.412823673,0.290289666,0.469808779,0.277545252,0.289519765
United States,Mali,Import,AHS Weighted Average (%),3.279135341,1.030888752,2.748081514,,1.806464179,2.057257798,0.970944722,0.69129192,1.823106239,0.27637076,0.27287885,0.615274468,0.739797169,14.00414888,0.462007824,0.075829412,0.502240043,0.241253706,0.171045453,0.052135031,0.096171111,0.08254722,0.0721277,0.076948026,0.269955188,0.270532293
United States,Mauritania,Import,AHS Weighted Average (%),0.000152071,0.399986372,1.003482672,,0,0.381687216,14.2893317,3.703832457,0.975771585,7.352586835,0.070589087,0.322857605,1.275500084,0.219791214,1.032272683,0.00286487,0.425425696,0.002810667,0.000759103,0.006725985,0.250730367,0.12907202,0.000418858,0.000760263,0.258359814,0.258359814
United States,Antigua and Barbuda,Import,AHS Weighted Average (%),1.279747187,4.319434294,1.026688551,,0.702105375,0.100437543,0.031446356,0.630636738,0.899151607,0.146855355,0.054138399,0.051531442,0.003865235,0.037977124,0.280333872,0.156367481,0.086050916,0.171319091,0,0.038697138,0.024200963,0.013006761,1.636219318,0.169662685,0.237614401,0.252635201
United States,Latin America & Caribbean,Import,AHS Weighted Average (%),3.909002943,4.204113762,4.191666027,,2.479539694,2.836830548,2.487994215,4.830253067,1.569422861,1.355992208,1.358469572,1.365551666,1.141084712,0.930147453,0.868402153,0.742030762,0.463811446,0.297681961,0.382551136,0.350694096,0.271746036,0.247490251,0.205420756,0.31700259,0.25233748,0.248242763
United States,New Caledonia,Import,AHS Weighted Average (%),0.136311406,0.164116745,0.072709174,,0.024468121,0.046552726,0.312944949,0.104297262,0.001637336,0.083434192,0.21411551,0.54228298,0.216232223,0.709846845,0.199174201,0.172425699,0.153227402,0.181513929,0.268737845,0.131242644,0.028217917,0.087341615,0.070424475,0.054327429,0.248371382,0.248093107
United States,Central African Republic,Import,AHS Weighted Average (%),11.19755418,21.39314377,1.546700301,,0.134070306,24.32108753,33.30866019,34.8381416,35.07030269,25.84834128,8.216523423,6.61279663,0.006461304,0.021552305,0.200187331,0.017305167,0.027612035,0,0.002629828,0.00103271,0.001896777,0.002155041,0.005953751,0.031667844,0.19764984,0.236892962
United States,Kyrgyz Republic,Import,AHS Weighted Average (%),,0.364985086,0.55247348,,0.071681073,0.090445123,0.080058044,0.481946267,5.810371377,6.768760329,3.368365769,9.577021802,9.404591176,6.768043833,13.65890754,5.80440681,0.884916064,0.955015295,14.14995613,1.948795226,2.68723087,1.487709447,3.527283146,3.810046281,0.228922615,0.228927419
United States,Zambia,Import,AHS Weighted Average (%),2.127767404,1.927069386,2.134740962,,1.681153814,1.671200431,0.032439528,0.111184547,0.396511058,0.202628356,0.145692116,0.106181779,0.206813589,0.019313833,0.007471979,0.011119076,0.029487293,0.098370552,0.159376099,0.003993612,0.133518554,0.001713601,0.029064144,0.044712004,0.222998791,0.222998791
United States,"Gambia, The",Import,AHS Weighted Average (%),0.980431139,1.622209313,0.279565972,,0.388618607,0.175658706,0.198928668,0.247710358,1.817515697,2.356324824,26.05442602,1.103146943,1.71643932,1.11731321,0.711707282,0.68405319,1.306958735,1.892284119,0.110025861,0.164050436,14.39964328,1.409439656,0.254198449,0.142963075,0.17270798,0.212792894
United States,Turks and Caicos Isl.,Import,AHS Weighted Average (%),0,0,0.005236227,,0,0.003919717,0.2278697,0.004934382,0.00254662,0.022779095,0.006867126,1.007111559,0.001530533,0.003868778,0.419919099,0.002470861,0.023306426,0,0.004984707,0.079152093,0.007939409,0.026374805,0.00276942,0.143060106,0.149745938,0.149804321
United States,Samoa,Import,AHS Weighted Average (%),4.701577729,4.391904134,4.680885633,,0.485986284,1.695078318,0.016924719,0.089441754,0.196371108,1.237119774,1.149554867,2.513237674,2.816104556,0.120493264,0.03785965,0.005031895,0.098545432,0.028786419,0.983176265,0.534873593,0.074807891,0.183847962,0.211594996,0.04857133,0.147489559,0.145475269
United States,Grenada,Import,AHS Weighted Average (%),2.218212402,1.032157747,1.660069408,,0.189250478,0.010851121,0.007386333,0.012246635,0,0,0,0.00275598,0,0.007824318,0.008712858,0.028921189,0.026855884,0.171295601,0.00099243,0.060441675,0.05561119,0.077436178,0.091736371,0.070227275,0.135409775,0.142816354
United States,Cote d'Ivoire,Import,AHS Weighted Average (%),0.367863529,0.454030202,0.619760393,,0.195238739,0.359469271,0.472635314,0.074888709,0.234825308,0.909225985,0.335561901,0.020239691,0.006234813,0.002221421,0.425473881,0.378200594,0.196272558,1.100126753,0.228878416,0.225405447,0.205547036,0.238293809,0.184537462,0.00054531,0.140919914,0.140751595
United States,Honduras,Import,AHS Weighted Average (%),3.792553317,5.442873645,6.422169334,,7.683904635,8.6700435,9.532186454,11.88519766,10.41224487,9.818971968,9.663189543,9.440546005,9.524707648,8.875476646,8.556738725,8.078567864,0.279383804,0.19164131,0.1210394,0.108990633,0.086486121,0.106930174,0.050936521,0.086594695,0.127982074,0.135805193
United States,South Africa,Import,AHS Weighted Average (%),0.614183505,1.312956552,1.719280924,,1.752141875,2.050017405,2.000706338,1.768680798,1.582290114,1.070919899,0.708327227,0.925860297,0.838158734,0.441116298,0.299528045,0.238310456,0.112237215,0.08668743,0.15595242,0.117426639,0.091942706,0.139174808,0.070403555,0.1274736,0.119809197,0.120809899
United States,Burkina Faso,Import,AHS Weighted Average (%),3.129925578,2.800409671,0.398998467,,2.414633338,6.42678916,4.18173769,0.355403493,6.641708916,0.18028487,4.713495671,0.496951925,3.769169177,5.898512666,2.104521836,0.106927042,3.112560584,0.320506145,6.233595271,0.186939504,0.069428375,0.06896542,0.029483478,0.017597502,0.120493959,0.12049756
United States,North America,Import,AHS Weighted Average (%),0.686069956,0.530970455,0.360570302,,0.276242883,0.257268274,0.231930768,1.488623544,0.123683437,0.108834871,0.110847478,0.11439787,0.111742665,0.103160364,0.092030451,0.089035448,0.13490428,0.076225892,0.09553597,0.085568624,0.087473175,0.093562782,0.095075878,0.092803414,0.114217515,0.116274735
United States,Canada,Import,AHS Weighted Average (%),0.686031886,0.52940136,0.360520397,,0.276178133,0.257181504,0.231797345,1.488560745,0.123627389,0.108811225,0.11083926,0.114374973,0.111725406,0.103151501,0.092016408,0.089014201,0.134881347,0.076212143,0.095510916,0.085556887,0.08746832,0.093557933,0.09507207,0.092798593,0.114209894,0.116266825
United States,Bolivia,Import,AHS Weighted Average (%),1.762090038,1.556057976,0.554358975,,1.163989621,1.098765838,1.685545099,2.552246518,1.710483078,2.244546005,2.775591882,3.340064782,3.538049365,2.375951344,2.899871659,1.964955028,1.195310714,0.478340821,0.592041544,0.338517448,0.006156993,0.003192425,0.066413464,0.083184651,0.111992013,0.11129652
United States,Colombia,Import,AHS Weighted Average (%),2.957138107,3.375373899,2.436783931,,3.142235235,2.445406053,1.696525427,3.28728638,2.154557304,2.226412951,1.954474724,1.863030615,1.286616012,1.284466215,0.986837263,0.906938453,0.646441017,0.406814966,0.44334148,0.311512579,0.083344183,0.092915047,0.054512603,0.093897567,0.105650705,0.111092002
United States,Peru,Import,AHS Weighted Average (%),2.553908103,2.408089596,1.94638208,,4.058824543,3.435829355,2.473748563,3.692363843,2.896190744,3.041365947,3.42175097,3.193649882,3.270533272,2.790515423,2.391841968,2.303581438,2.527030344,2.142994825,0.120276656,0.178829919,0.130123652,0.117266235,0.047909069,0.133053179,0.107072548,0.1097859
United States,"Korea, Rep.",Import,AHS Weighted Average (%),6.750233727,6.635733448,6.168985809,,3.69018766,3.331942081,3.34807486,3.262416465,3.010815356,2.568278682,2.872904378,2.681690839,2.369122375,2.109226924,2.133557719,2.12783836,1.830956538,1.730187169,1.676671546,1.703686462,1.673940328,1.863832194,0.793423354,0.744069495,0.765080567,0.107555805
United States,Suriname,Import,AHS Weighted Average (%),0.051663732,0.021438815,0.021236586,,0.444333048,0.303718421,0.039901259,0.024064611,0.013336051,0.011599865,0.012728129,0.004463862,0.000989316,0.008696807,0.013254639,0.012786945,0.004253707,0.003966481,0.003968359,0.000699295,0.000992131,0.037793683,0.038584027,0.915776623,0.103283348,0.103298688
United States,Niger,Import,AHS Weighted Average (%),1.997553154,1.953396331,2.179590271,,2.436380753,2.928954981,0.105089457,0.612817844,0.065091741,0.217140558,0.197704101,1.00326502,0.06073597,0.006184313,0.005822381,0.026409648,0.047800174,0.007297428,0.001324353,0.008093183,0.000811195,0.000877042,0.179480057,0.015818005,0.519141609,0.086720238
United States,"Congo, Dem. Rep.",Import,AHS Weighted Average (%),0.54843126,0.389699632,0.473188821,,0.606095773,0.448911993,0.002066982,0.000941784,0.000617442,0.000432637,0.000366692,2.46553E-05,2.7527E-05,0.000690441,0.000301649,0.002156346,0.00087527,0.002615461,0.015887684,0.002670711,5.08868E-05,0.00221908,0,0.002004489,0.079158421,0.078374223
United States,Nigeria,Import,AHS Weighted Average (%),6.04696651,5.778717432,6.626838275,,6.427810838,7.314162843,0.527253162,7.331614057,36.08984287,11.58320178,0.133805267,0.000244409,0.000532948,0.000185659,0.00015952,0.000112929,2.41392E-05,0.004692502,0.002363579,0.004351794,0.00377155,0.011530662,0.016705843,0.039318214,0.073208642,0.072514435
United States,St. Lucia,Import,AHS Weighted Average (%),9.777810498,13.11653894,11.39715511,,7.971737647,5.979352912,2.905172417,7.933525061,5.442388174,4.457780233,4.833029528,3.306356362,2.94548243,2.212216452,0.081289948,0.05242631,0.033316038,0.041778822,0.041374798,0.050454094,0.061543678,0.056189736,0.073681879,0.061268192,0.068599117,0.06872473
United States,Rwanda,Import,AHS Weighted Average (%),0.500737729,0,0,,0,0.040425613,0,0,0.07698271,0.036797535,0.000627029,0.010090341,0.007493205,0.001891746,0.002115942,0.001073801,0.003531352,0.026537477,0.095140135,0.006316062,0.011147084,0.012095884,0.020558223,0.036031512,0.067650391,0.067748595
United States,British Indian Ocean Ter.,Import,AHS Weighted Average (%),1.443692326,3.555227109,0,,3.383426951,0.917140365,0.405046624,1.946050263,0.526068456,0.970649566,0.08352921,1.363558049,3.463571413,1.371050218,2.203749869,1.114054152,4.083361097,1.67330025,1.260117928,0.044161234,0.012850548,0.000460536,0.011292476,0.000321159,0.067519386,0.067519386
United States,Norfolk Island,Import,AHS Weighted Average (%),9.363614948,5.258928023,5.815540585,,0.012793946,3.37686369,0.123706892,0.077248841,0.091953469,0.011458296,0.013705025,0.097379185,0.811929081,0.275662436,0.052325148,0.035390341,9.432978358,0.012251285,0.000591617,0.035535575,0.020802127,5.071109196,0.7988406,0,0.045303387,0.045303387
United States,Palau,Import,AHS Weighted Average (%),,4.576921307,12.8575429,,14.67950031,17.27790981,18.86910961,18.86538568,17.0557482,14.00035869,15.23743467,16.29252686,14.23188152,0.2287297,0.017103818,0.01414644,0,1.239443657,2.309250935,0.370014587,0,0.078483841,0,0.019757731,0.041969973,0.041969973
United States,Morocco,Import,AHS Weighted Average (%),2.780927163,2.7350775,3.25641587,,2.893511545,2.720514475,2.836445756,3.944660752,3.498334942,3.179742504,3.387025086,2.873925984,3.112485739,2.617093369,2.469688704,2.220727407,0.896619192,0.492294548,0.397854693,0.190722287,0.074278112,1.033483779,1.132310914,0.041499108,0.040631601,0.03560804
United States,Togo,Import,AHS Weighted Average (%),3.1223147,1.964957483,7.917106066,,2.987915049,1.243665436,0.153159504,1.133238512,2.180168387,0.063538353,0.00401333,0.034784811,0.274748967,0.052390964,0.372093921,0.052158234,0.09867013,0.013225011,0.010002545,0.029393754,0.008694587,0.007183635,0.035640774,0.058487315,0.035425462,0.035607069
United States,Papua New Guinea,Import,AHS Weighted Average (%),0.004977691,0.000925577,0.006459609,,2.807134475,0.050713395,1.444283925,1.296689882,2.441475374,4.314769837,1.936002591,4.526582363,2.355114478,1.727476389,2.039754318,3.266823233,1.607075403,1.837237249,1.57059642,1.203591095,1.194531047,0.43625296,0.621197766,0.035727024,0.031911725,0.031882547
United States,Sierra Leone,Import,AHS Weighted Average (%),0.000495974,0.443309528,0.610700591,,0.413745286,0.05048313,0.200006941,0.422591013,2.195427499,1.187570104,3.727975854,2.030873031,1.922928164,1.635362407,0.198613747,0.188017866,0.005025399,0.051726969,0.088706958,0.000311349,0.226598376,0.054025527,0.003172333,0.00732347,0.029307311,0.029310181
United States,Faeroe Islands,Import,AHS Weighted Average (%),0.647873834,0.365540658,0.297276814,,0.673663963,0.635047436,0.229803164,0.29484118,0.03727287,0.150897688,0.475601715,0.843554878,1.299533377,0.631659815,0.009305383,0.05902535,0.018771251,0.017067953,0.024051945,0.003697927,0.001593911,0.012091161,0.002078023,0.013544403,0.029127042,0.029098947
United States,Uganda,Import,AHS Weighted Average (%),0.00213706,0.058302262,0.814408081,,1.585970067,0.017390568,0.003420607,0.014750973,0.001090457,0.00222124,0.002490297,0.00808913,0.660060748,2.877186314,1.915860612,0.615996573,0.029797929,0.329279628,0.084873616,0.027257535,0.032191809,0.035105245,0.826379733,0.01995499,0.024697308,0.024811786
United States,Jordan,Import,AHS Weighted Average (%),2.26091034,8.048796123,9.941027027,,9.759736263,9.04931761,4.147873388,4.594186833,3.405967477,9.946714554,12.12089771,8.89167147,7.915350107,6.099284795,4.626163864,4.409339158,4.459409779,4.19379191,3.827810032,0.184107574,0.24197198,0.071675348,0.11193751,0.045017693,0.022527647,0.022261995
United States,"Congo, Rep.",Import,AHS Weighted Average (%),2.134185112,2.055213238,2.168483365,,1.513373389,2.383639219,0.752965094,1.638627659,2.873836034,2.291780094,4.42041E-05,0.399558673,0.190875308,0.08931152,0.048026443,0,6.29012E-07,0,0.001399291,8.97767E-06,3.01612E-05,7.63902E-06,0.000250708,0.001283932,0.021807482,0.021592449
United States,Trinidad and Tobago,Import,AHS Weighted Average (%),0.040090342,0.052285612,0.079524589,,0.257669702,0.242787886,0.434871096,1.800051401,0.139375684,0.071215305,0.066732923,0.069359191,0.028626932,0.010719632,0.006864753,0.004569645,0.002157827,0.001690291,0.002593469,0.006969005,0.00401494,0.006030624,0.00961761,0.011752906,0.018091249,0.018165499
United States,Israel,Import,AHS Weighted Average (%),0.112898138,0.053553186,0.057614588,,0.025011422,0.083244263,0.02378931,2.12423134,0.016015104,0.010132172,0.019314342,0.019389668,0.01242271,0.017069129,0.015312283,0.00993281,0.014696606,0.008989703,0.012844487,0.015256321,0.022294251,0.029261347,0.020230731,0.019665453,0.014067336,0.014074271
United States,Senegal,Import,AHS Weighted Average (%),1.797862202,2.840550138,3.614379228,,1.333452822,2.807781342,1.394881681,1.280906498,0.339828084,0.793200281,0.079145443,0.522412635,0.2595314,0.500579192,0.71010325,0.0564928,0.1197359,0.168293982,0.773864632,0.445547009,0.166656642,0.087118179,0.045735792,0.032697687,0.013707102,0.013671659
United States,Bhutan,Import,AHS Weighted Average (%),0.358658601,7.691076745,3.942176732,,1.686456982,6.789547922,1.6897113,3.458629361,3.671779064,2.632704611,6.312504304,2.393956692,1.867837239,0.076138095,1.172126089,3.112604115,0.037088285,0.281888063,0.028060535,0.416684569,0.160564772,0.398413592,0.335006898,0.313223172,0.013546804,0.01354565
United States,Mexico,Import,AHS Weighted Average (%),4.53143964,4.598732845,4.690064666,,1.680366624,1.925765477,1.68106881,4.576395385,0.401050406,0.273103166,0.255300614,0.249492118,0.196382101,0.037257193,0.039416743,0.067380408,0.042200186,0.012056856,0.01503791,0.013615587,0.016040625,0.016557348,0.015518173,0.015130735,0.012264526,0.012257772
United States,Dominica,Import,AHS Weighted Average (%),1.21538893,0.671009227,0.921811136,,2.285654278,0.855136883,0.260601472,0.466654159,0.150915496,0.653048634,0.094237458,0.119803007,0.42893862,0.651591455,0.430822565,0.237087852,1.606762313,6.879089082,0.4095614,0.014383083,1.089896511,0.064829141,0.007739755,0.046470921,0.011367375,0.011562866
United States,Solomon Islands,Import,AHS Weighted Average (%),3.289344054,9.094987228,3.059040716,,0.072372839,0.132535602,0,0,0.157569814,0.038405604,0.104130854,0.077116548,0.030982511,0.012994656,0,0.015553275,0,0.007757596,0,0.01939424,0.024195885,0.064389677,0.005709786,0.034446295,0.01153148,0.01153148
United States,Namibia,Import,AHS Weighted Average (%),,,,,,,,,,0.820829968,0.042598444,1.738436005,4.489108881,4.34067721,5.481526066,3.932098034,0.000254788,0.000321573,2.26258E-05,0.000915155,0.00034481,0.00044668,6.97873E-05,0.001239512,0.00984147,0.01015865
United States,Yemen,Import,AHS Weighted Average (%),1.930206059,2.244629869,2.307335253,,2.34141773,2.122472291,0.020992659,0.040642392,0.006941189,2.83964E-05,0.000233477,0.000878671,0.000138156,0.003386153,0.00035924,0.000339279,0.00167283,0.015669763,0.031094574,0.000614289,5.47353E-05,0.00239546,0.014305101,0.010871264,0.006547916,0.006820076
United States,Chile,Import,AHS Weighted Average (%),1.745738854,1.539255086,1.152015044,,1.171873065,1.517772009,1.163609603,1.129086714,0.755021797,0.743734403,0.667723249,0.785494091,0.692893632,0.499017074,0.53756161,0.216904705,0.502758016,0.456745774,0.365348045,0.311667937,0.644829982,0.338713742,0.532057232,0.180433624,0.293598495,0.005765937
United States,Vanuatu,Import,AHS Weighted Average (%),0,0,0,,0,0.008848425,0,0,0,0,0,2.63998695,0,0.092799316,0.963482499,0.505559621,0.638972581,0.292771888,0.469613463,0.81314225,0.435242762,0.576753272,0.371982241,0.017091201,0.003930343,0.003936046
United States,Guinea,Import,AHS Weighted Average (%),0.00785069,0.016095223,0.053490532,,0.01962657,0.108433685,0.002756732,0.002842896,0.079272218,0.022383618,0.004032702,0.009031831,0.003533318,0.003533372,0.005333075,0.001379792,0.000111,0.002822116,0.003455601,0.002635309,0.007167441,0.002165135,0.006443774,0.001601202,0.003305125,0.003307223
United States,St. Kitts and Nevis,Import,AHS Weighted Average (%),3.37177117,3.248693746,2.819849349,,1.113192761,0.340529033,3.288844701,3.377672088,0.695028243,0.370746163,0.633468714,0.359790128,0.168047911,0.004254323,0.004046993,0.010380142,0.016128506,0.00908126,0.000608673,0.000846299,0.001316421,0.006142209,0.007360098,0.001600328,0.003151853,0.003156765
United States,Liberia,Import,AHS Weighted Average (%),0.066070889,0.019521919,0.152102011,,0.055379722,0.070993111,0.410008606,0.053184818,0.019340558,0.044590767,0.004539381,0.024845797,0.027014028,0.013959918,0.033363871,0.503242015,0.001902507,0.00318566,0.035158947,0.201591341,0.006922673,0.003325803,0.000393125,0.002647384,0.002816476,0.002843909
United States,Maldives,Import,AHS Weighted Average (%),12.21480727,12.53156166,12.6834123,,11.42435702,12.54944829,11.30840822,9.357094906,9.729642162,11.25742813,10.84719517,9.489980738,8.293261633,7.917341107,6.968599505,0.306221112,0.06967949,0.640209282,1.345051098,0.012647874,0.003161997,0,0.000564814,0.000572241,0.002618536,0.002617491
United States,Kiribati,Import,AHS Weighted Average (%),1.186770943,4.441334987,0,,0.01705312,0,0,0,0,0,0,0,0,0.019107466,0,0,0.026623835,0,0,0,0,0.537875906,0,0.000659773,0.002584753,0.002584753
United States,Benin,Import,AHS Weighted Average (%),6.269592649,1.255927531,6.067986894,,4.514932911,2.033062801,0.065192466,0.613758171,2.116148861,0.029752518,0.306811425,0.004893682,2.158157914,0.843655235,0.106511073,0.05041803,0.001095587,0.001361515,0.112975414,0,0,0.02440781,0,0,0.002143748,0.002141435
United States,Falkland Island,Import,AHS Weighted Average (%),2.345565796,0,0.967587851,,2.017841749,0.121583226,2.236263486,0.247752341,0.001793581,0,0.006919316,0,0,0,0.000126386,0,0.063677687,0,0,0,0.000498255,0,0,0,0.001011777,0.001011777
United States,Singapore,Import,AHS Weighted Average (%),3.613954734,3.468998562,3.138054708,,1.892640697,1.4530054,1.183784146,0.800048068,1.191827909,0.976230164,1.007385826,1.209065682,1.384329858,0.540093187,0.199887969,0.148961827,0.042909089,0.085140556,0.083693372,0.035866595,0.010425696,0.010813708,0.002510669,0.001234014,0.000947079,0.000946376
United States,Oman,Import,AHS Weighted Average (%),6.652156088,7.688639473,8.168840609,,9.620543324,11.1515412,6.810944026,8.244151747,7.918099334,7.15324901,6.072576968,7.243150357,5.495503645,4.842913896,3.33454691,1.962272438,0.743582636,0.839403536,0.0018059,0.00113463,0.000371072,0.001359407,0.00072159,0.001133882,0.000757979,0.000764131
United States,Gabon,Import,AHS Weighted Average (%),0.021188118,0.535775173,1.877906729,,2.459266693,0.578613306,0.39962419,1.703339894,4.538888952,6.23350065,0.000351842,0.002905146,0,0.002248976,2.33406E-06,4.35247E-05,0,0.000346028,0.004294647,1.15635E-05,0.000183972,0.000117227,0,0.000117911,0.000883353,2.62069E-05
United States,Chad,Import,AHS Weighted Average (%),5.893350124,0.01011731,0.826587505,,0.002519966,0.000269016,0.001610022,0,0,0,0,0,0,0.000330476,1.14539E-05,2.52434E-05,0,0,0,0,0,0,0,0,3.4784E-06,3.46549E-06
United States,Fr. So. Ant. Tr,Import,AHS Weighted Average (%),8.620832142,10.37939209,9.967135159,,8.797423343,4.814426741,,7.713532853,,0,1.741394336,0.277337807,14.28333282,1.034041433,0.338301607,0,1.265499735,3.301077867,0.883317119,10,7.71537663,0.409160449,2.572622505,0.668626518,0,0
United States,"Iran, Islamic Rep.",Import,AHS Weighted Average (%),3.831834312,4.116565359,3.959613894,,1.451973754,,0,4.150000095,0,2.14856302,1.960000468,1.61106818,1.359188612,1.153560837,1.088666536,1.081519136,0.819413239,0.927600142,1.26482095,1.093348434,0.813264692,0.797466678,0,,0,0
United States,Bahrain,Import,AHS Weighted Average (%),3.719350111,6.543756993,7.31881222,,7.104959893,8.63975235,7.80690632,6.103992182,5.044642044,5.449590604,5.795445496,6.053605954,5.608358941,5.391970342,4.357197587,3.050959727,0.008442017,0,0.017598867,0.037814418,0.006628405,0.02421416,0.005604877,0.007571005,0.007328718,0
United States,Montserrat,Import,AHS Weighted Average (%),0.258221281,0.124880208,3.142761239,,0.276581296,0.070854606,0.082070506,0.781707948,2.151804598,0.838009397,0.917447135,0.761878645,0.038632668,3.064823105,0.038641119,0.01205818,0.184180675,0.105982677,0.002506411,0.099367005,0.054224722,0.001336573,0.05652717,0.011170531,0,0
United States,Comoros,Import,AHS Weighted Average (%),0.19675938,0.01442181,0,,0.523076058,0.065757911,0,1.095366182,0,0,0,0,0,0.052757825,0.033659297,0.132984791,5.908899602,0,0,0.040041891,0,0.036309587,0,0.015291007,0,0
United States,Guinea-Bissau,Import,AHS Weighted Average (%),0.134269009,4.235593311,2.681175263,,0,0,0,0,0,0,0,0,0,0,0,0,0,0.531937196,0,0,0,0,0,0,0,0
United States,Burundi,Import,AHS Weighted Average (%),0.089501129,0.315189637,0.056546206,,0.014724669,0.099703294,0,0.104127133,0,0.012189714,0.003239324,0.048604834,0.004023186,0,0,0.048767439,0,0,0.002692684,0,0,0.004827842,0,0,0,0
United States,Somalia,Import,AHS Weighted Average (%),0.021923652,0.003660193,3.612038767,,0.21631105,0.413101693,0,0.597335818,1.692634659,0.526376788,2.446025637,0.228137049,0.042107596,1.484709081,3.910638447,0.264898218,0.857285537,0.016948283,0.170017717,0,0.138303432,0,0.049995751,0,0,0
United States,Angola,Import,AHS Weighted Average (%),0,2.009061468,1.651133307,,2.196457978,2.30328883,0,0,0,0,0,0,1.22068E-05,1.80079E-06,0,0,0,0,2.08563E-06,0,0,2.10209E-07,0,4.90506E-06,0,0
United States,Djibouti,Import,AHS Weighted Average (%),0,,0,,0,0,,3.723242279,0,0,25.43791272,0,0,0.277818771,0,0.007205722,0.002411367,0,0,0.004390845,0.022283729,0.005483222,0.002221135,0.067782056,0,0
United States,Niue,Import,AHS Weighted Average (%),0,3.354245625,4.023787457,,0.151693163,0.021715287,0.006049864,18.66255425,0,0.763526897,6.024832359,0,6.977984185,5.513938678,6.470584341,0,0,0.338916337,0.712855274,1.7110101,0.227259166,0.10781336,1.435438943,0.03556879,0,0
United States,Saint Helena,Import,AHS Weighted Average (%),0,0.885055517,0.18809662,,3.756220168,2.463489502,0,0.872529769,0,0,0,0.0196793,0.002586817,0.01145975,0.016391389,0.039985561,0.003962821,0.001210219,0,0.033803315,0.005878615,0.181585331,0,0.000811733,0,0
United States,Tuvalu,Import,AHS Weighted Average (%),0,0,10.82637109,,,0,,0,,8.750552074,,,0,0,0.183595193,1.157598114,0,0,0,0,3,0.126554178,0,0.081376951,0,0
United States,East Timor,Import,AHS Weighted Average (%),,,,,,,,,,,,,0.552003303,,,,,,,,,0,0.070826132,0.824184461,0,0
United States,Heard Island and McDonald Isla,Import,AHS Weighted Average (%),,,,,,,,,,2.035910769,3.005493641,,9.767707245,4.040681902,11.30000019,0,0,0.917004082,,,1.788394459,0,,0.131842632,0,0
United States,Sudan,Import,AHS Weighted Average (%),,,,,,,,,,,,,,,,,,,,,,0,0,0.001839178,0,0
United States,Wallis and Futura Isl.,Import,AHS Weighted Average (%),,0,0,,2.599999905,,,,2.833497266,,0,,0,3,0.588098512,0,0,0,0,0,0,,0,0.221002477,0,0
United States,Western Sahara,Import,AHS Weighted Average (%),,8.122157226,0,,,0,0,0,,,,0.860000014,0,,,,0,1.170967698,,,0,0,0,0,0,0
United States,Pacific Islands,Import,AHS Weighted Average (%),8.094319699,,,,,,,,,,,,,,,,,,,,,,,,,
United States,Czechoslovakia,Import,AHS Weighted Average (%),7.78947624,7.695755824,,,,,,,,,,,,,,,,,,,,,,,,
United States,"Yugoslavia,FR(Serbia/Montenegr",Import,AHS Weighted Average (%),7.327665101,,,,,,,,,,,,,,,,,,,,,,,,,
United States,Belgium-Luxembourg,Import,AHS Weighted Average (%),3.142100414,3.184166662,2.907546013,,2.679555011,2.704478675,2.330134973,2.314227687,,,,,,,,,,,,,,,,,,
United States,Unspecified,Import,AHS Weighted Average (%),2.961094406,14.39025429,10.11665659,,7.763612884,8.494023847,9.611853365,10.53892212,11.65032666,,,,,,,,,,,,,,,,,
United States,Soviet Union,Import,AHS Weighted Average (%),2.847204516,,,,,,,,,,,,,,,,,,,,,,,,,
United States,Martinique,Import,AHS Weighted Average (%),1.347364786,0.903152824,2.150032732,,0.88358798,,,,,,,,,,,,,,,,,,,,,
United States,Ethiopia(includes Eritrea),Import,AHS Weighted Average (%),1.157835008,0.321397238,,,,,,,,,,,,,,,,,,,,,,,,
United States,Guadeloupe,Import,AHS Weighted Average (%),1.062848541,1.423089527,2.161682456,,2.148710156,,,,,,,,,,,,,,,,,,,,,
United States,French Guiana,Import,AHS Weighted Average (%),0.902493131,0.323269374,4.206505413,,2.169481613,,,,,,,,,,,,,,,,,,,,,
United States,Pitcairn,Import,AHS Weighted Average (%),0.278755733,0.404137343,0.995187336,,0,0.309690406,0,1.696646376,0.433754242,0.313898682,0.173231443,0.137755451,1.489640433,6.196068951,8.619937677,3.451055473,0,0.884674357,0,,,0,,28.09267243,,
United States,Fm Sudan,Import,AHS Weighted Average (%),0.263636887,0.461878553,1.090284311,,0.598497614,0.319560844,0.610084604,0.053389351,1.614680653,0.032189344,0.087245828,0.058351007,0.016783384,0.001575987,0,0,0,0.007485638,0.003213541,0.005853731,0.000531946,,,,,
United States,Reunion,Import,AHS Weighted Average (%),0.007797456,1.484295372,1.325000048,,1.00023035,,,,,,,,,,,,,,,,,,,,,
United States,Netherlands Antilles,Import,AHS Weighted Average (%),0.002413272,0.008542176,0.004168516,,0.002724786,0.088281614,0.552622112,1.706894745,0.015811156,0.007776512,0.004494553,4.579058916,2.566990277,2.498768339,3.14637894,3.421704103,2.266743156,1.656847218,1.765166283,,,,,,,
United States,Cuba,Import,AHS Weighted Average (%),,,,,,,,,0,0,0,0,0,0,,,0,0,0,0,0,0,,,,
United States,Curaao,Import,AHS Weighted Average (%),,,,,,,,,,,,,,,,,,,,,2.815623938,3.90064547,5.780294807,4.838507862,3.95138742,
United States,"Korea, Dem. Rep.",Import,AHS Weighted Average (%),,,,,,,,,35,1.468670179,36.31648038,15.29760283,66.33032227,51.35786917,60,,,,,0,,,,,,
United States,Mayotte,Import,AHS Weighted Average (%),,,,,,,,,,,2.423970658,3.700000048,,,,5,0.171217799,6.857714114,0.409647034,0.123085241,3.650000095,2.237989011,1.225279691,,,
United States,South Sudan,Import,AHS Weighted Average (%),,,,,,,,,,,,,,,,,,,,,,8.566666603,0.273053091,0,0,
