Reporter Name,Partner Name,Trade Flow,Product Group,Indicator,1991,1992,1993,1994,1995,1996,1997,1998,1999,2000,2001,2002,2003,2004,2005,2006,2007,2008,2009,2010,2011,2012,2013,2014,2015,2016
United States, World,Import,  All Products,MFN Weighted Average (%),4.728656101,4.800313762,4.713133657,,4.272888636,4.109235487,3.672602921,3.60482778,3.886426299,3.396582927,3.455389829,3.326225907,3.201922173,2.994420955,2.960462531,2.90835813,2.42205707,2.755809059,2.818178506,2.81292708,2.808638203,2.7897922,2.80745188,2.776125302,2.78892636,2.797244071
United States,Afghanistan,Import,  All Products,MFN Weighted Average (%),2.496711025,1.943687921,1.696319439,,1.587755446,1.308812822,0.697930718,0.472369423,1.110647713,0.537755777,0.183834284,0.383780621,0.473204518,1.882374318,1.882695649,1.982243766,1.399777369,1.639726898,1.42491439,1.14971692,1.362161063,1.522072493,0.994600399,1.484214843,2.824167203,2.904973601
United States,Albania,Import,  All Products,MFN Weighted Average (%),2.58913472,4.952320313,5.246111095,,2.914028095,5.620417759,17.83707818,16.92525807,4.616566054,17.32382627,14.85068111,11.18287113,2.227247641,3.948232401,4.077160422,5.436973741,4.103928874,4.1587494,4.001771284,2.66775237,2.90912206,3.444407079,3.366066819,3.864685614,3.582280335,3.581609343
United States,Algeria,Import,  All Products,MFN Weighted Average (%),7.66298791,7.653438147,7.101567978,,8.104686186,7.420618137,2.396953869,7.09032376,34.66360837,13.30645527,9.688210546,6.173844125,5.102117725,4.487637692,3.721072027,4.66891709,4.096804788,5.209142176,5.867626131,6.108438394,6.302102592,6.442904565,6.633567937,6.452844345,6.575625154,6.68908878
United States,Andorra,Import,  All Products,MFN Weighted Average (%),3.666299421,3.254029126,0.715121506,,6.683460089,14.45149747,2.258757662,6.474261747,5.184338875,0.380253583,24.51060003,0.602643155,0.813830084,1.682793602,0.623234612,1.683309584,8.995084931,5.22083223,4.093993622,3.735691017,2.822925643,3.099516407,0.85032039,0.502782052,0.691382946,0.64961855
United States,Angola,Import,  All Products,MFN Weighted Average (%),0.658765941,7.20014526,6.413366676,,8.319267,8.476892963,0.446337204,8.901029538,36.47929199,14.3281382,12.19025968,7.904778509,6.982540679,6.406391899,5.131157259,4.452484619,5.745131161,6.156857048,5.810765236,4.791667693,5.106232864,5.530385474,6.44895477,6.544755887,5.21466853,5.304162204
United States,Anguila,Import,  All Products,MFN Weighted Average (%),1.904222492,4.400452388,0.526695061,,1.168821736,0.186163592,18.35837048,4.087774819,1.822344208,1.331929441,1.994086554,0.98675056,1.061424637,0.944610037,0.964984799,0.842223303,0.826223932,0.797265919,0.753603497,0.534148503,0.39301621,0.668132984,0.498756591,0.557962707,0.512569378,0.538614297
United States,Antigua and Barbuda,Import,  All Products,MFN Weighted Average (%),4.228996311,5.134579181,6.689502593,,5.523498155,1.739497571,1.158874401,0.932306737,1.408231298,0.944632132,1.531330266,1.440493789,1.357128164,3.092846278,1.04698208,2.7020348,0.871994884,1.375441514,1.755540143,0.875836783,0.658093552,0.183662391,2.722388458,0.700746599,0.81940677,0.850688662
United States,Argentina,Import,  All Products,MFN Weighted Average (%),6.662317404,6.489587372,6.564530453,,9.010641019,8.09349884,6.356306282,7.706525504,10.67781564,7.607128431,7.180494255,6.305528637,5.288485713,4.93721296,5.235432896,5.235812374,4.996344152,4.762621556,4.288394541,4.615257104,4.092300848,5.45167576,3.072156528,2.882635903,3.878311206,3.957947915
United States,Armenia,Import,  All Products,MFN Weighted Average (%),,1.011925393,4.424967529,,8.613623896,8.810801909,12.04014651,13.23861482,11.80578221,7.269189824,8.001460285,8.028952744,7.031254768,6.078137912,4.44745213,4.397715473,4.037904697,3.106781487,4.58014426,4.692469109,4.578411479,4.767624638,4.925550406,4.972214936,4.819778708,4.839406619
United States,Aruba,Import,  All Products,MFN Weighted Average (%),8.338115365,8.256528891,8.485917021,,8.68187619,8.437159928,3.067952775,8.847220187,39.88999168,14.73387537,12.04974525,7.648966262,7.611120283,7.559318537,7.249333892,7.010201515,6.887064574,6.820394403,6.821168583,0.453692746,6.745982378,6.634508822,3.592759097,0.576383088,5.03669343,5.123812931
United States,Australia,Import,  All Products,MFN Weighted Average (%),2.998794416,3.18130179,3.309313819,,5.148022073,3.761882769,3.168596955,4.064170197,4.606460854,3.931625562,4.104069446,4.070534312,3.823740099,3.59760758,3.412080308,3.234471025,3.0598632,2.405727778,2.954518149,2.737925508,2.294014203,2.834314678,2.473060428,3.067245108,3.530596494,3.565800756
United States,Austria,Import,  All Products,MFN Weighted Average (%),4.922363031,4.923297556,4.981658198,,4.061120645,3.55346648,3.087348233,2.667856062,2.149893536,2.031335348,1.956832343,1.718447617,1.60253928,1.679246667,1.478894596,1.555639029,0.948792458,1.489474795,1.380604627,1.325428374,1.326333544,1.312617639,1.34398411,1.304755401,1.286090603,1.28656016
United States,Azerbaijan,Import,  All Products,MFN Weighted Average (%),,0.922576698,3.399576057,,9.638056161,9.136984038,4.816842601,1.777207208,8.866999761,6.184265288,7.265008698,2.730391496,0.178193794,3.943141632,5.631987494,3.859433037,6.27130036,5.872041279,2.11912992,2.251522239,0.571575293,5.765125075,5.958015158,5.742387358,6.491992412,6.603913938
United States,"Bahamas, The",Import,  All Products,MFN Weighted Average (%),8.541173487,8.499703843,7.565157222,,3.286226482,2.969314745,2.915226649,2.123476574,7.754299469,5.476891149,6.465163551,5.53330329,5.418799022,5.888725389,5.62767046,4.40652316,4.96485005,4.447679037,5.854027558,5.507544579,5.654050044,4.625629463,4.44060216,4.467348431,3.308587133,3.321915457
United States,Bahrain,Import,  All Products,MFN Weighted Average (%),8.916323321,10.05567695,10.07429368,,9.905042191,10.60362767,9.857315553,8.242540551,7.594848743,6.94129299,7.204541519,6.898260609,6.657719408,7.13611272,5.206344598,3.727273559,4.232582917,4.679232622,5.560264115,5.51759505,4.8668552,4.851139705,5.36690366,5.081879975,5.029976117,5.048401361
United States,Bangladesh,Import,  All Products,MFN Weighted Average (%),12.22493731,12.41988781,11.39307931,,10.87218844,11.29707549,11.40222443,11.41621982,10.97351133,11.05760025,11.18772887,11.06213948,11.29000001,10.65891417,10.73649111,10.65040649,10.71709065,10.71890906,10.69835949,10.77521901,10.81892858,10.76536669,10.81094286,10.92203627,10.82622308,10.82777089
United States,Barbados,Import,  All Products,MFN Weighted Average (%),8.171512601,7.663270048,7.519867291,,6.204946484,5.93858427,6.307621549,4.334427358,5.051561241,3.29208671,2.906728883,2.716328892,3.0241914,1.592684365,1.834050949,1.565915594,1.868057282,1.643746289,1.47079962,1.452405703,1.159669603,0.979322047,0.632499016,5.63547969,6.396184362,6.777647775
United States,Belarus,Import,  All Products,MFN Weighted Average (%),,1.005125572,1.617993618,,4.293826982,10.16832543,11.38749392,7.218078154,6.227617391,6.963920569,6.84564747,6.476930528,5.928839949,5.344546116,4.248003607,4.657539459,5.364264759,6.14878557,6.59025874,5.000657876,5.614019383,3.605028158,1.269997788,0.518458673,0.578154958,0.589785362
United States,Belgium,Import,  All Products,MFN Weighted Average (%),,,,,,,,,3.721630772,2.627231409,2.703600801,2.276460864,2.221798738,2.479525055,2.325579537,2.449245798,2.329005792,2.588801394,2.186333193,2.328879749,2.184211899,2.068698548,2.147639892,2.272361988,2.113058042,2.128998661
United States,Belgium-Luxembourg,Import,  All Products,MFN Weighted Average (%),3.142100414,3.184166662,2.907546013,,2.679555011,2.704478675,2.330134973,2.314227687,,,,,,,,,,,,,,,,,,
United States,Belize,Import,  All Products,MFN Weighted Average (%),8.991191139,11.9003301,12.3141175,,19.31663882,11.65898904,15.19376616,18.12355658,13.15091035,11.16893625,19.75780855,19.88215731,12.33464946,7.935811044,9.363065248,13.33807962,13.37762387,2.583944302,2.560128218,2.355162082,14.54574282,1.834311839,1.764944313,6.859501023,20.14522156,19.85001615
United States,Benin,Import,  All Products,MFN Weighted Average (%),7.814560851,1.872854768,6.451291261,,6.402967508,3.518476506,0.720040922,3.016614573,4.098671058,10.1638029,2.36993769,0.212223952,2.17133827,1.590861662,0.167289831,0.503027959,0.004926793,6.627378684,1.419261341,0.183373727,1.360313619,0.156160266,0.021298646,0.13642493,0.072331434,0.072247491
United States,Bermuda,Import,  All Products,MFN Weighted Average (%),1.49961711,7.176678871,2.2881174,,2.616555707,4.875046197,6.642385454,4.278561871,3.353837101,0.801301397,0.249605402,0.668039647,1.611098922,0.996495591,0.837225427,1.246799485,0.841332522,1.127458475,1.224019504,0.362505302,0.265047032,0.271100993,0.295742774,0.455276168,0.515830629,0.533191073
United States,Bhutan,Import,  All Products,MFN Weighted Average (%),0.717317203,7.827994384,4.015188954,,4.179469413,8.730344505,4.871507465,5.634725478,4.922320627,3.395473589,6.761111852,3.517730897,3.278322558,1.698451747,2.962847046,4.564305338,3.897520191,4.306660499,5.685598734,4.008588761,1.179973247,4.120187195,3.239222413,3.708951906,5.284044303,5.270677259
United States,Bolivia,Import,  All Products,MFN Weighted Average (%),3.193782645,3.497330185,3.680306402,,4.961425709,4.058190977,4.125993469,6.625885804,9.997885494,6.883728687,6.684136867,9.757372016,7.184186013,5.572728611,8.118248201,6.135826352,4.645168631,3.633732244,4.234716409,2.975277766,1.583329712,1.36043858,1.685641772,1.808661687,1.779609149,1.743800307
United States,Bosnia and Herzegovina,Import,  All Products,MFN Weighted Average (%),,6.461458452,5.993394165,,3.723403315,3.403488715,2.466432364,1.978654817,2.881059075,1.784550956,1.903379521,2.791296286,3.135222304,3.079957328,3.935564579,6.171614129,5.362696766,4.977826921,7.27437853,7.777910117,6.545389356,7.545363084,6.862504056,6.340118423,5.750087803,5.725964727
United States,Botswana,Import,  All Products,MFN Weighted Average (%),,,,,,,,,,7.711605599,2.224603102,3.66851026,7.305664261,4.232922813,2.357274048,1.576272851,2.775468585,1.083901229,1.249888138,0.840750522,0.760649523,0.817550794,0.310960676,0.488534012,0.595410584,0.595410584
United States,Brazil,Import,  All Products,MFN Weighted Average (%),5.50721327,6.310234899,6.562579241,,5.568834287,5.968784902,5.652722519,4.637000827,4.876750164,4.182526107,4.28824199,3.649734427,3.782210863,3.178749609,3.278004305,3.365203665,3.152834102,2.867672783,3.799560022,3.980549082,3.418027169,3.337566404,3.068961732,2.511422791,2.650776003,2.712144257
United States,British Indian Ocean Ter.,Import,  All Products,MFN Weighted Average (%),2.333855303,9.026308925,4.355122896,,6.26622068,1.024857905,0.405647072,2.937427608,5.411753455,6.049261665,1.070675553,1.86421515,3.939968517,1.405835283,3.024092298,1.652643984,4.091754822,2.055948053,1.469944812,0.251884415,0.242104169,0.021872335,0.06046384,0.081390466,0.129700155,0.129700155
United States,British Virgin Islands,Import,  All Products,MFN Weighted Average (%),0.460307387,1.258846641,1.582378655,,0.794837624,1.26544547,1.671896164,2.480543479,1.011411979,0.308257365,1.43086885,4.625919593,3.933732835,4.37163584,1.303538227,0.458996889,0.185665557,1.926568164,1.717330343,1.909237085,2.17939881,2.828044615,1.968266718,1.548001805,1.982559001,1.971687481
United States,Brunei,Import,  All Products,MFN Weighted Average (%),10.98049208,14.78629579,15.54949529,,14.90971874,15.52353936,15.26348437,15.35707362,14.75540518,13.48192641,13.38216675,13.07958478,13.54351906,13.16113336,13.49680079,13.62800795,14.12019588,14.82089965,16.07539573,8.271846269,3.382592569,7.713493754,5.526243547,4.262686505,7.303436506,7.303295886
United States,Bulgaria,Import,  All Products,MFN Weighted Average (%),9.806392298,10.33362241,8.808392116,,6.889629874,10.03244585,10.05589461,12.01902544,13.82145598,10.04054849,10.20946468,9.18116753,8.37193181,8.038794949,8.204873986,6.350500798,9.710432718,8.970536872,10.55387365,7.874852034,7.159474218,6.925136009,6.548601162,5.776187994,5.301948286,5.313049058
United States,Burkina Faso,Import,  All Products,MFN Weighted Average (%),5.368050182,5.748293435,2.739162765,,3.526674202,6.49321553,4.584340721,4.477982961,6.731700049,2.459711841,6.487641405,0.565598562,4.752367162,6.719540933,2.924837085,0.921009346,3.685484768,1.395553275,8.517183602,1.944490221,1.627944839,0.380384353,0.946606232,0.840761757,2.777307505,2.779727097
United States,Burundi,Import,  All Products,MFN Weighted Average (%),0.176283116,0.523735125,0.171955361,,0.033719109,0.114868553,0,0.157811426,0.008417176,0.036987452,0.003239324,0.048604834,0.004428407,0,0,0.056750629,0.059531601,0.009186578,0.006980889,0,0,0.010852374,0.023881611,0.003455359,0.002753517,0.002753517
United States,Cambodia,Import,  All Products,MFN Weighted Average (%),,1.717449856,12.87637189,,1.530152781,7.434030674,12.20381702,12.98238557,12.39610151,11.83456974,11.90581459,11.75114887,11.34401152,11.2002196,11.86932099,12.4955575,12.58487381,12.50228034,12.81411085,12.64147608,12.85353183,12.99314381,13.03638156,13.09467282,13.04652221,13.03794686
United States,Cameroon,Import,  All Products,MFN Weighted Average (%),9.85531991,6.004865088,8.657099454,,3.782015704,4.360090959,2.321495988,6.54093642,25.68810213,10.80177653,9.658502184,5.002277414,1.110178263,5.998995424,5.196510509,5.097816561,4.530957091,5.198306148,5.518223298,4.318826317,4.52385606,3.822607903,4.465734528,4.088368937,2.781621493,2.858031736
United States,Canada,Import,  All Products,MFN Weighted Average (%),3.008748383,3.163046592,3.176426183,,3.759931964,3.629639034,3.37626673,3.201784767,3.751569873,3.173401952,3.130015471,3.183324152,3.016351668,2.836423633,2.746565614,2.662246144,1.605095442,2.12922822,2.095413411,2.122632095,2.193247895,2.294459506,2.274626796,2.163675019,2.222682413,2.236567443
United States,Cape Verde,Import,  All Products,MFN Weighted Average (%),0.106286551,10.19999981,5.69307318,,6.176610945,2.103411978,2.102010468,1.036416391,2.31430739,3.087276134,11.89662377,13.32655327,10.02413875,12.91623439,13.39118632,1.659022385,1.357953656,2.029014161,0.861139349,1.907555111,1.791710119,0.460955743,4.925242408,3.672837986,4.436342183,4.44440996
United States,Cayman Islands,Import,  All Products,MFN Weighted Average (%),0.254966356,0.881915367,1.188870281,,0.844318442,0.842053844,0.63628149,0.9249971,2.032421076,2.220922263,0.91913424,1.756549527,1.241877013,0.533518555,1.406916974,1.225270669,0.608436807,1.36521457,2.194012641,2.144676273,0.58041803,0.35358245,0.338791241,1.199624027,1.918245296,1.917668594
United States,Central African Republic,Import,  All Products,MFN Weighted Average (%),21.5500549,34.41657523,11.5271939,,6.272125886,25.63974848,36.66925777,36.90418696,37.19742639,27.35685175,8.7606358,7.76859194,0.327870686,0.553098938,0.464729944,0.342619938,0.545088848,0.330774863,0.249112124,0.377291708,0.211767026,0.435399255,0.26699252,0.718733529,0.975630634,1.014873756
United States,Chad,Import,  All Products,MFN Weighted Average (%),6.238673904,1.341403887,1.591852377,,0.033373829,0.168726913,0.010629009,0.055964507,0.007291942,0.006321759,0.009385156,0.048217737,3.496689217,7.23541484,7.142607981,5.83766947,5.565873121,6.249328783,6.169226604,6.52658021,6.191287972,6.539312941,1.524631504,5.629724722,3.777572897,3.843521795
United States,Chile,Import,  All Products,MFN Weighted Average (%),2.839105404,2.959105679,2.751564825,,2.258363655,2.137257618,1.993295927,1.817908366,1.503417198,1.546817215,1.560124142,1.443860592,1.395758346,1.393570209,1.52183863,1.229189797,1.253011849,1.142103284,1.428583111,1.420976911,1.431247682,1.537227776,1.387636316,1.379804344,1.435277235,1.443595138
United States,China,Import,  All Products,MFN Weighted Average (%),9.629224647,9.140252327,8.979554987,,6.596073408,6.109357988,5.684370164,4.911232658,4.427894373,4.112224777,4.161654617,3.864127222,3.442800264,3.064301706,3.126323036,3.066270027,2.883674054,3.091148961,3.184769179,3.140197215,3.030967251,2.946726833,2.94626251,2.890274583,2.89699267,2.895460164
United States,Christmas Island,Import,  All Products,MFN Weighted Average (%),0.363557825,1.221207321,2.232652458,,1.552481001,0.621801232,1.361105898,1.986542881,1.85279039,1.411670094,4.004010868,3.448855211,1.570612242,3.499731177,11.5063543,2.575649511,2.768331964,2.360054403,5.955659991,4.943787917,2.235204523,1.341186112,0.61493773,0.934154976,2.303365653,2.303567366
United States,Cocos (Keeling) Islands,Import,  All Products,MFN Weighted Average (%),6.494843984,3.353427449,8.308066438,,4.733413427,0.456971624,1.087140033,3.252372791,0.233414517,3.007613264,9.660985381,3.234073028,2.559220559,1.964644496,4.366172365,5.307184245,3.657085302,1.645867334,1.320388345,6.383063577,4.04560278,6.676236151,3.733095086,1.770521555,1.007854526,1.013684608
United States,Colombia,Import,  All Products,MFN Weighted Average (%),5.009855211,5.256969196,5.446257016,,7.29114433,5.362602213,2.839028057,5.195379885,9.864761054,6.714076742,5.988743328,5.364639337,5.39930981,5.141801911,4.360841969,3.988945891,2.979792262,2.875431218,3.435661581,3.150943818,3.274387169,3.343288414,3.246926745,3.34955953,3.207432341,3.256550566
United States,Comoros,Import,  All Products,MFN Weighted Average (%),0.27420511,0.085765446,0.02820608,,1.083949891,0.086140357,0.04052388,1.175409305,0.319133902,0.085310898,0.032764611,0.023882161,0.022955203,0.054907521,0.073445113,0.174759104,6.169415656,0.093801959,0.059763157,0.072727298,0.004444903,0.070381003,0.032359918,0.056427704,0.405791358,0.405791358
United States,"Congo, Dem. Rep.",Import,  All Products,MFN Weighted Average (%),0.833349581,0.675913742,1.097817926,,0.774517439,0.505042242,0.39058069,0.412934275,1.282455501,1.184643043,0.965196261,5.092752379,3.986579772,3.240652759,0.194933463,0.174571176,0.044793249,1.602712932,1.08728078,4.834877135,4.447414763,1.17001945,0.677201516,0.730823581,0.93734851,0.93656476
United States,"Congo, Rep.",Import,  All Products,MFN Weighted Average (%),7.653697502,8.044329029,8.316313531,,5.714603954,5.917269608,0.829804784,6.295263224,33.60535301,13.33490632,9.418669303,9.790459982,9.219147677,8.246558513,7.146915457,6.206321603,6.28545337,4.567652587,5.954799025,5.727156167,6.29650444,5.34216965,5.557304092,6.076867578,4.527723349,4.603879374
United States,Cook Islands,Import,  All Products,MFN Weighted Average (%),5.382945064,4.152877722,5.439653053,,3.557211294,0.844517087,5.222269858,2.039853364,0.615973993,0.617372601,3.762823458,1.423690779,1.802746864,1.512690801,0.763724837,1.684196842,1.654229457,2.578330536,0.622178778,1.659511355,1.869530418,1.68420432,2.611452622,1.739100784,0.865830083,0.865841292
United States,Costa Rica,Import,  All Products,MFN Weighted Average (%),8.35571108,8.697039572,8.903921081,,8.752895364,7.887233136,7.786415836,6.523229264,4.203999301,4.701238248,4.803016364,4.284775085,3.519837639,4.22590081,3.321730729,3.579673104,3.521782225,2.542580134,1.563239008,1.014691637,0.994758491,0.896869219,0.633461546,0.902197891,2.406968646,2.471748443
United States,Cote d'Ivoire,Import,  All Products,MFN Weighted Average (%),1.12609694,1.283690158,1.664333719,,0.653510011,1.332503732,0.769348152,0.253208109,3.282039616,4.746574909,1.624458838,1.00564956,0.398615955,0.373599173,1.42228339,0.875898422,0.483108854,2.235975071,0.501788625,0.549682033,0.454956614,0.690708433,0.443089427,0.671147121,0.214101295,0.214070137
United States,Croatia,Import,  All Products,MFN Weighted Average (%),,6.972433374,7.153440653,,5.995844194,6.046596602,3.402262523,2.905434376,1.790372347,1.667133197,3.221850811,2.227558244,3.295342299,3.366954177,3.555612521,3.178897838,3.630985275,3.166452135,2.818178631,2.398735987,1.61643992,1.777369343,2.004958869,2.079285957,2.434417281,2.422961162
United States,Cuba,Import,  All Products,MFN Weighted Average (%),,,,,,,,,0,0,0,0,0,0,0,,0,0,0,0,0,0,,,,
United States,Curaçao,Import,  All Products,MFN Weighted Average (%),,,,,,,,,,,,,,,,,,,,,2.815623938,3.90064547,5.780294807,4.838507862,3.95138742,
United States,Cyprus,Import,  All Products,MFN Weighted Average (%),9.709090056,9.386516823,7.721598167,,8.938112475,9.394763946,10.73181867,6.71081881,9.517922333,8.515690147,7.564828073,7.714663094,8.889531573,5.616976042,4.599475356,6.598281055,6.433161859,6.892553793,9.026266188,6.926449026,4.866837104,3.565141071,2.520428955,2.30958285,3.663731588,3.761148688
United States,Czech Republic,Import,  All Products,MFN Weighted Average (%),,,7.067844434,,5.605619713,5.784215238,5.131795938,4.246971207,3.510555239,2.611789311,2.551339511,2.240629984,1.974293239,1.854161386,1.881213456,1.671103587,1.341650656,1.723892269,1.721255145,1.747014871,1.687121998,1.677178085,1.70495249,1.632854303,1.709635537,1.716156479
United States,Czechoslovakia,Import,  All Products,MFN Weighted Average (%),7.78947624,7.695755824,,,,,,,,,,,,,,,,,,,,,,,,
United States,Denmark,Import,  All Products,MFN Weighted Average (%),3.913315677,4.172157431,4.046989098,,3.41108822,3.235495208,2.93911682,2.438094524,2.469973269,2.342725569,2.049757792,1.782695937,1.860896315,1.577447513,1.539882986,1.609725323,1.255843759,1.616544313,1.302954562,1.215417958,1.202613179,1.027469088,0.950896677,1.000464344,0.92875854,0.942235622
United States,Djibouti,Import,  All Products,MFN Weighted Average (%),2.324999809,,0.037318125,,2.344539719,0,,4.162469431,0.161625406,3.54614271,28.700681,0.778246036,1.763670581,1.369144798,0.622705572,0.011680458,0.636441872,1.119890416,0.294309513,0.503661625,0.096781788,0.040275714,0.225506807,2.054509189,0.746518011,0.74540456
United States,Dominica,Import,  All Products,MFN Weighted Average (%),4.886270538,4.81758998,4.987718618,,5.649772034,5.66761495,3.361675253,1.68240118,3.621062489,2.038560835,1.184293952,1.079296096,3.60076372,2.073116477,1.664271585,0.792939582,2.536377483,8.360876402,2.065795355,1.090498653,3.534365527,1.098563466,0.989592949,1.395322133,1.631078767,1.630771877
United States,Dominican Republic,Import,  All Products,MFN Weighted Average (%),11.02590161,11.91052948,12.18080278,,13.46112199,11.52427418,12.19627142,12.73033567,11.3302538,11.23220272,11.08863211,10.33090819,9.666270043,9.138818096,8.622710281,8.685702739,7.798370915,6.487985874,7.21271864,9.013124034,7.080122975,6.822985547,6.002761601,6.080661619,7.115496179,7.192487869
United States,East Asia & Pacific,Import,  All Products,MFN Weighted Average (%),5.115738779,5.161120169,5.033058178,,4.068415964,3.777248201,3.622736328,3.297804234,3.095895529,2.955770372,3.187456294,3.163759364,3.020913475,2.793637013,2.762203181,2.762682264,2.605650966,2.793825049,2.908206352,2.873499364,2.820457332,2.771823693,2.800288576,2.777409631,2.81172681,2.812778007
United States,East Timor,Import,  All Products,MFN Weighted Average (%),,,,,,,,,,,,,0.552003303,,,,,,,,,0,1.458574439,1.425028324,0.212686072,0.215720894
United States,Ecuador,Import,  All Products,MFN Weighted Average (%),1.542654003,1.27935137,1.807955479,,2.00052558,2.552826085,1.302061128,2.39663743,3.878214102,4.896968946,4.31196382,3.474390656,3.952988158,4.350476895,4.247656464,3.988030324,3.872932909,3.482535807,2.641247129,2.833298021,2.588546839,2.62050031,2.354048673,2.068775912,2.386571799,2.39814037
United States,"Egypt, Arab Rep.",Import,  All Products,MFN Weighted Average (%),10.07047724,10.09704056,10.91168251,,10.55980595,10.22629853,9.490868739,10.34615211,11.67413336,10.00297812,8.912219651,7.444921711,7.047048418,6.252513208,4.232996614,4.314818746,5.131596264,5.86035599,5.710089989,6.312582621,6.917058934,7.738344641,8.372119751,8.900195046,9.618729524,9.607854141
United States,El Salvador,Import,  All Products,MFN Weighted Average (%),7.214142135,8.967561292,9.763578825,,15.05478968,11.52159985,13.13164652,14.46006609,14.02435031,13.17116602,14.3366614,13.40023147,13.98263587,13.0361007,15.0220508,12.93122778,12.76047752,13.06653793,13.29477079,13.39782929,12.37366754,14.18445626,12.94369929,13.8753314,14.11698824,14.15136143
United States,Equatorial Guinea,Import,  All Products,MFN Weighted Average (%),1.656219278,0,8.542346954,,8.034298488,8.471321044,0.388677006,7.755082656,39.81946407,14.79089311,9.103667633,3.962572203,3.584445496,2.645132829,2.395078151,1.789694411,1.5085682,1.929503527,1.92081828,1.265319594,2.356939727,2.537925451,2.747056761,2.371025887,2.711301314,2.711301314
United States,Eritrea,Import,  All Products,MFN Weighted Average (%),,,,,5.336051539,3.234892988,0.03217864,0.604371447,0.634812085,7.655057195,0.967321608,2.038186167,3.293106998,0.439433635,0.18160513,1.796374435,1.900882876,2.774861211,1.421915653,8.923593166,1.511205489,1.744030814,5.312623064,1.228132489,1.551851338,1.551851338
United States,Estonia,Import,  All Products,MFN Weighted Average (%),,6.226213442,4.781584954,,6.946828615,6.528908421,4.907456782,7.162643298,33.75998888,13.86391462,9.986967092,5.278959766,4.599976461,5.554723232,5.599563019,5.576454787,4.969911628,4.093385366,3.71250428,0.963430375,1.239936925,1.521289456,1.434750146,1.076567695,1.174066025,1.177752774
United States,Ethiopia(excludes Eritrea),Import,  All Products,MFN Weighted Average (%),,,0.171003348,,0.489423399,0.944733551,0.079011514,0.087081678,2.33602698,5.586709708,8.293621193,11.17936597,3.320581116,1.989457895,1.872654642,1.805892125,1.448432144,1.655585545,1.578813191,1.259581472,1.486028026,2.210064039,3.042052225,2.890684695,2.849001703,2.843998548
United States,Ethiopia(includes Eritrea),Import,  All Products,MFN Weighted Average (%),1.157835008,0.321397238,,,,,,,,,,,,,,,,,,,,,,,,
United States,Europe & Central Asia,Import,  All Products,MFN Weighted Average (%),4.515455832,4.536530363,4.481339964,,3.799976224,3.72781396,3.317897061,2.953698976,3.175663128,2.784440569,2.650498784,2.475442372,2.39953226,2.301164873,2.33128302,2.294820047,2.005835679,2.291409266,2.153303776,2.135114378,2.237876348,2.221449056,2.227427085,2.098969737,1.966563619,1.971993446
United States,Faeroe Islands,Import,  All Products,MFN Weighted Average (%),0.647873834,0.365540658,0.297276814,,0.673663963,0.635047436,0.229803164,0.29484118,0.03727287,0.150897688,0.475601715,0.843554878,1.299533377,0.631659815,0.009305383,0.05902535,0.018771251,0.017067953,0.024051945,0.003697927,0.001593911,0.012091161,0.002078023,0.013544403,0.029127042,0.029098947
United States,Falkland Island,Import,  All Products,MFN Weighted Average (%),2.600517511,0.322756174,5.002939941,,5.534751522,0.243041407,2.297547619,0.460066045,0.001793581,0,0.033996271,0.002201738,0.002418478,0,0.006490896,0.004731916,0.064683003,0.003210854,0,0.000135665,0.001035918,0.000171584,1.757108332,1.425683178,0.779691159,0.779691159
United States,Fiji,Import,  All Products,MFN Weighted Average (%),10.92181977,10.64399477,11.66660048,,17.42426518,13.5930364,12.38473936,9.876302397,18.87190188,11.36461773,11.83178047,11.44310103,11.41522872,10.34506632,8.334967254,8.447781792,5.401775083,3.57062116,4.902888283,4.637365002,2.044075232,3.841900553,3.889683807,4.388520905,5.028806051,4.945681092
United States,Finland,Import,  All Products,MFN Weighted Average (%),3.429601957,3.466022042,3.251894631,,3.035994751,3.096345807,2.342221367,1.984683174,3.698402224,2.814216182,1.868132097,1.666931852,1.453980574,1.491479364,1.605558227,1.798999668,1.914178922,2.459919214,2.026424059,1.401799366,1.659509517,2.191227951,1.963483575,1.876880847,1.454265644,1.48260893
United States,Fm Sudan,Import,  All Products,MFN Weighted Average (%),0.263636887,0.461878553,1.090284311,,0.598497614,0.319560844,0.610084604,0.053389351,1.614680653,0.032189344,0.087245828,0.058351007,0.016783384,0.001575987,0,0,0,0.007485638,0.003213541,0.005853731,0.000531946,,,,,
United States,Fr. So. Ant. Tr,Import,  All Products,MFN Weighted Average (%),8.620832142,10.37939209,9.967135159,,8.797423343,4.814426741,,7.713532853,,0,1.741394336,0.277337807,14.28333282,1.034041433,0.338301607,0,1.265499735,3.301077867,0.883317119,10,7.71537663,0.409160449,2.572622505,0.668626518,0,0
United States,France,Import,  All Products,MFN Weighted Average (%),4.436597716,4.336636715,4.294001237,,3.588822544,3.157617615,2.923929482,2.302440857,2.176750323,1.808796537,1.683648674,1.562782068,1.64507128,1.634265259,1.682759282,1.656334516,1.372304951,1.742042005,1.474155583,1.389736265,1.55926494,1.527056785,1.503711999,1.504560489,1.378680121,1.385988732
United States,French Guiana,Import,  All Products,MFN Weighted Average (%),0.902493131,0.323269374,4.206505413,,2.169481613,,,,,,,,,,,,,,,,,,,,,
United States,French Polynesia,Import,  All Products,MFN Weighted Average (%),4.780492862,2.922132996,2.627726381,,2.22233693,1.439438525,0.900718019,0.760424548,0.383877,0.329792328,1.005856521,0.923803356,1.143131812,1.218470891,1.354438483,0.835540918,0.361489198,0.433825047,1.568992272,1.031166395,0.908134083,0.596437423,0.899162136,0.474595529,0.614314224,0.609519468
United States,Gabon,Import,  All Products,MFN Weighted Average (%),0.021188118,0.535775173,1.877906729,,2.459266693,0.578613306,0.39962419,1.703339894,4.538888952,6.23350065,0.017689905,0.188351078,0.017847811,0.133567538,0.068222771,0.094355978,2.515795063,1.538239097,1.244036008,0.021235096,0.451286989,3.652728863,1.772827471,3.374337839,2.850343118,2.898173922
United States,"Gambia, The",Import,  All Products,MFN Weighted Average (%),1.677803324,2.267868892,0.318776403,,0.512613381,0.245477832,0.355876698,0.842118368,2.956342914,3.690197589,29.23121734,1.938466158,2.784612493,2.188470061,1.74947519,1.16063571,4.197009451,2.890501707,0.804448085,0.295962982,16.55197221,3.008785808,1.087193964,2.157137102,2.175356693,2.211688633
United States,Georgia,Import,  All Products,MFN Weighted Average (%),,7.924234184,1.940925311,,4.306571537,8.256230548,3.454740232,3.33365899,1.949701378,9.961172243,9.190652678,3.717592145,5.884260966,3.768521184,5.533444635,2.439189425,3.634240858,3.280281291,4.009458787,2.817847817,2.82034083,2.247395471,3.002299222,4.797597772,4.104966826,3.965248092
United States,Germany,Import,  All Products,MFN Weighted Average (%),4.012747724,4.061884421,4.053507759,,3.363491296,3.182021994,2.845640715,2.410463353,2.267477455,2.146740373,2.078813414,2.100185222,2.009023931,1.916555756,1.88960025,1.82094965,1.197229299,1.748345988,1.599900729,1.706905038,1.671615476,1.673897309,1.709515962,1.658778191,1.628529353,1.629943752
United States,Ghana,Import,  All Products,MFN Weighted Average (%),0.405886036,1.532532506,0.953729212,,0.351656813,0.322697889,0.322712812,1.635376646,4.526086585,4.391012392,4.541386545,2.532379838,3.712971107,4.134067801,3.262817713,2.758657848,3.843327874,4.182100687,0.753678401,1.13512829,1.953878911,1.533132493,0.51646018,0.665709739,0.999004753,0.998817106
United States,Gibraltar,Import,  All Products,MFN Weighted Average (%),3.880658383,5.10421602,3.601187817,,1.935122353,0.835178948,5.507661941,4.608948743,3.625698446,1.221278313,0.800174644,0.615928039,0.112804178,0.488652456,0.073764828,2.429694337,0.064476596,1.620804371,2.309287695,2.439632931,0.711195444,0.725345609,0.599201758,0.900115373,1.069279062,1.069279062
United States,Greece,Import,  All Products,MFN Weighted Average (%),8.716564029,9.131225584,7.874543989,,5.787149931,10.70405135,8.245249346,6.773072494,8.161290887,6.80234307,6.725626857,6.708655271,7.076235652,5.745750173,5.81941265,5.049524604,5.180941595,4.651360414,3.888906339,3.299870202,2.846068108,2.822314072,3.303161371,3.690377019,3.210874047,3.23036723
United States,Greenland,Import,  All Products,MFN Weighted Average (%),0.86956314,0.625754035,0.472618848,,2.002081622,1.153401612,1.552845895,2.057503228,2.665787296,3.174148975,3.300777742,3.276973625,3.030590319,3.17495872,3.398457683,2.795109909,3.057478093,2.687697629,2.29700624,2.972779921,3.632624459,3.672351301,2.967386449,2.929363735,3.470589702,3.470589702
United States,Grenada,Import,  All Products,MFN Weighted Average (%),5.95720961,5.787364998,5.420889411,,0.883950922,1.70310216,2.669203423,2.576056667,2.100367201,2.080658042,1.833238124,0.326826234,0.230819619,0.073981704,0.041788574,0.209684084,0.096409588,0.693661449,0.257366387,0.221103828,0.436493796,0.470941213,0.355422385,0.409096837,0.776934334,0.789876095
United States,Guadeloupe,Import,  All Products,MFN Weighted Average (%),1.062848541,1.423089527,2.161682456,,2.148710156,,,,,,,,,,,,,,,,,,,,,
United States,Guatemala,Import,  All Products,MFN Weighted Average (%),7.866405075,8.687499236,9.194738679,,10.87183457,9.645032146,9.41356438,11.52227929,12.86935906,10.91697984,11.04975744,11.3232489,11.84301699,11.08391477,11.28446895,10.8567517,9.841818248,10.62802328,8.080546262,10.72627434,6.873488049,7.646128868,7.103612233,8.390679032,8.731224453,8.861943942
United States,Guinea,Import,  All Products,MFN Weighted Average (%),0.011417912,0.092572208,0.068688962,,0.027617676,0.396074641,0.016092817,0.022409092,0.591328668,0.058084132,0.021656826,0.040601987,0.028308556,0.062539594,0.022177887,0.014468256,0.031900638,0.104201269,0.044512645,0.022947331,0.083740916,0.040636919,0.027983691,0.027797129,0.034063837,0.033663779
United States,Guinea-Bissau,Import,  All Products,MFN Weighted Average (%),1.145662157,4.947457718,2.681175263,,0,0.164260826,0.075621647,0.031120296,2.929289796,0.115821611,0,0,0,0.023300036,0.322894704,0.082240024,0,0.531937196,0,0,0.340647748,0.432460038,0.019697314,1.669497482,0,0
United States,Guyana,Import,  All Products,MFN Weighted Average (%),0.681866494,0.861294622,1.140727851,,4.85372096,4.673661887,4.733085386,6.995188452,5.840752631,11.17791877,5.413894242,6.134001329,5.400950394,7.268762553,2.160780681,8.42140008,4.619250942,1.267240149,5.424488887,5.826340223,3.390261343,1.847442747,1.73924065,2.485435625,3.773449556,3.901717297
United States,Haiti,Import,  All Products,MFN Weighted Average (%),11.96318236,13.98765716,13.00216032,,10.95595062,12.5744307,13.45585153,14.57567279,14.6484797,14.09873013,14.05418319,13.18449508,12.7106153,12.43635259,12.6497166,13.3400875,13.16482435,12.70948893,12.81314823,13.19461409,13.03335848,13.1041581,13.49248332,13.56614463,13.58762652,13.58707092
United States,Heard Island and McDonald Isla,Import,  All Products,MFN Weighted Average (%),,,,,,,,,,2.035910769,3.005493641,,9.767707245,4.040681902,11.30000019,0,0,0.917004082,,,4.410564639,0,,1.652124007,0,0
United States,Holy See,Import,  All Products,MFN Weighted Average (%),,,,,,,,,,2.250961321,2.485594727,8.439626843,2.862206879,2.816234412,7.659111227,2.056720717,0.170614315,2.708542773,3.118395158,2.721568287,4.938369139,1.426484556,1.629911144,0.957724247,1.027122446,1.027122446
United States,Honduras,Import,  All Products,MFN Weighted Average (%),7.276199659,8.877937372,10.21285864,,11.09973768,11.12824941,12.21422704,12.47200587,12.8104918,11.94128297,11.8658434,11.53785684,11.49040825,10.78264219,10.37074547,10.24814795,10.62289745,10.27625967,9.842863599,10.10893787,9.723805402,9.599665685,9.402915495,9.424446183,9.690015768,9.70046685
United States,"Hong Kong, China",Import,  All Products,MFN Weighted Average (%),8.917146648,8.744759254,8.355635928,,7.548419778,7.026766948,6.905189322,6.991934559,6.653156771,6.470630137,7.013833328,6.791595627,6.711846241,6.588557296,6.456976777,6.019336027,5.448151251,4.825765439,3.33510774,2.891814403,3.027076041,2.909313131,2.857806312,2.731249416,2.243377675,2.244733989
United States,Hungary,Import,  All Products,MFN Weighted Average (%),5.794711454,6.53874903,6.281240288,,4.978767968,3.778314628,2.70721981,1.845143442,1.334862343,2.091501055,2.731914668,1.922367111,1.419216666,1.337695621,1.089057694,1.248664976,0.785908339,1.180365762,1.070429742,1.245159736,1.380742581,1.428886651,1.599250395,1.842215789,1.918808172,1.918015141
United States,Iceland,Import,  All Products,MFN Weighted Average (%),1.147151201,1.081767106,0.889095112,,1.00154545,1.08365505,0.820872198,0.606814862,0.417040667,0.500395041,0.574524067,0.550298778,0.667957973,0.712065095,0.64670304,0.561415261,1.03925587,1.120058815,0.912272037,0.914102455,1.023969291,0.891062523,0.63630901,0.645687589,0.665654727,0.669001088
United States,India,Import,  All Products,MFN Weighted Average (%),5.516137172,5.764128157,5.569380698,,5.54847374,5.281646889,5.155421166,4.989852123,4.473310185,4.570528132,4.922106408,4.563988841,4.525555924,4.220305577,4.44554348,4.307955402,4.018829064,3.702910497,4.047032777,3.831485907,3.563365442,3.28544697,3.366966344,3.379643073,3.336215876,3.342297359
United States,Indonesia,Import,  All Products,MFN Weighted Average (%),8.026561615,8.42732961,8.48038285,,7.07863906,6.807618782,6.564401578,5.769811312,5.728559082,5.781708054,5.998395067,5.736112117,5.396427425,4.958925494,4.978098383,5.442530445,5.37608831,5.139316743,5.78415293,5.605542092,5.430939509,5.706241234,5.829761518,5.601702083,5.899713902,5.897129576
United States,"Iran, Islamic Rep.",Import,  All Products,MFN Weighted Average (%),3.831834312,4.116565359,3.959613894,,1.451973754,,0,4.150000095,0,2.14856302,1.960000468,1.61106818,1.359188612,1.153560837,1.088666536,1.081519136,0.819413239,0.927600142,1.26482095,1.093348434,0.813264692,0.797466678,0,,0,0
United States,Iraq,Import,  All Products,MFN Weighted Average (%),,,,,,,0.400000006,,33.01757784,12.83421484,12.24827025,7.913446847,8.018648334,6.541039109,7.222184575,0.423746369,5.889180325,4.615606502,4.253415456,3.662987292,3.072664904,6.103265299,1.324041543,6.357590381,0.951097157,0.965919335
United States,Ireland,Import,  All Products,MFN Weighted Average (%),4.470670306,4.279640767,4.298680356,,2.658225302,3.345420976,3.722828848,3.570423287,3.565461588,3.906958383,3.385287843,2.757739086,2.622035687,2.251719436,2.272763746,2.289007046,1.668789035,2.107955962,2.142754734,2.007980183,1.944940915,1.979725091,2.324759545,2.046200752,1.685420615,1.680887137
United States,Israel,Import,  All Products,MFN Weighted Average (%),3.472139088,3.739466383,3.695540657,,3.443001844,2.968428221,2.582040586,2.12423134,1.759694653,1.373585975,1.362194124,1.293144322,1.19653914,1.140934761,1.075675684,0.8926797,0.690931447,0.836339374,0.735791708,0.761486849,0.673671834,0.749471518,0.681979923,0.717720894,0.673105607,0.67451381
United States,Italy,Import,  All Products,MFN Weighted Average (%),6.357111973,6.366023244,6.058161861,,5.494087852,5.348478746,5.059565071,4.638431026,4.422893494,4.17466919,4.183562806,4.003380376,3.898055208,3.618516777,3.399235994,3.351689764,3.201564418,3.189685787,2.924303893,2.966662889,2.98878853,2.898305219,2.792200756,2.723787951,2.670587558,2.679064088
United States,Jamaica,Import,  All Products,MFN Weighted Average (%),8.394706637,8.698270374,10.49968678,,12.10571653,11.14950044,12.33823025,11.31077143,9.736636322,7.477447117,7.493257947,6.385275627,5.007096225,8.76962647,5.169487373,5.351559324,3.310568654,3.426174299,3.538269386,4.425586541,3.428875889,3.31246775,2.191068085,3.214227726,3.670463875,3.780088007
United States,Japan,Import,  All Products,MFN Weighted Average (%),3.509304193,3.470650128,3.387663639,,2.90060392,2.645937397,2.420298242,2.062533527,1.854145225,1.89570526,1.976608255,2.118660149,2.004191799,1.914089017,1.795707353,1.852870422,1.024521274,1.891998158,1.843212896,1.901999605,1.75543035,1.803611831,1.824628235,1.803673456,1.813536133,1.814475052
United States,Jordan,Import,  All Products,MFN Weighted Average (%),5.609544129,9.141808697,10.97012711,,10.78297129,10.15116928,5.974534816,6.28486345,6.071501611,10.94510285,12.39665467,12.77952735,12.51578077,12.16130727,12.13660015,12.27765594,12.62593144,12.781516,12.79346197,12.87858279,13.17521873,13.46461542,13.49764191,13.63330496,13.79182397,13.78965891
United States,Kazakhstan,Import,  All Products,MFN Weighted Average (%),,0.703532312,2.617117758,,3.400086498,3.592516527,2.492983606,3.09668058,2.93801119,2.404235484,2.831263504,3.808541896,4.600927603,6.066941253,6.19553791,4.699534039,5.137888876,4.637680325,5.263902684,4.981938871,4.597658583,5.684340614,5.459743993,5.275190102,4.831803146,4.944314044
United States,Kenya,Import,  All Products,MFN Weighted Average (%),2.510297116,3.533295017,5.534487688,,6.142395701,6.145928425,5.191158702,4.953575448,5.354905203,5.271201973,6.515602211,8.01218755,8.785704753,8.893305211,8.92272518,8.543515185,9.234256844,8.855990555,9.06892427,8.773092663,9.74827896,9.147871013,10.04917952,9.995305946,9.543286568,9.534507382
United States,Kiribati,Import,  All Products,MFN Weighted Average (%),1.405447175,4.736844431,0.842400184,,0.193051682,0.064380654,0.058621282,0.065149016,0.003799623,0.025172025,0.059426283,0,0.012196394,0.059229969,0.026829039,0.145118946,0.138860899,0.060117129,0.645770209,0.114139589,0.026306099,0.620358742,0,0.003298864,0.005738429,0.005738429
United States,"Korea, Dem. Rep.",Import,  All Products,MFN Weighted Average (%),,,,,,,,,2.400000095,0,1.240741552,0,12.9943676,5.037181103,4.599999905,,,,,0,,,,,,
United States,"Korea, Rep.",Import,  All Products,MFN Weighted Average (%),6.750233727,6.635733448,6.168985809,,3.69018766,3.331942081,3.34807486,3.262416465,3.010815356,2.568278682,2.872904378,2.681690839,2.369122375,2.109226924,2.133557719,2.12783836,1.830956538,1.730187169,1.676671546,1.703686462,1.673940328,1.863832194,1.849989648,1.817335146,1.91663231,1.919864558
United States,Kuwait,Import,  All Products,MFN Weighted Average (%),6.761097336,7.577083374,10.50788638,,5.851585788,2.035781409,0.432853853,2.220862621,12.94818212,11.20149642,7.843330534,6.631190341,4.661829278,2.458391817,5.007749718,2.08534261,2.398175681,0.454332166,3.094702304,0.944348921,0.008828832,1.518424779,2.38538559,3.111176544,1.499658223,1.525379379
United States,Kyrgyz Republic,Import,  All Products,MFN Weighted Average (%),,0.862744983,0.677711474,,0.163725383,0.225195073,0.328743558,1.100863654,7.232855101,7.121190603,3.694808917,10.20793322,9.62814032,7.428319875,13.99434278,6.839649288,1.512249069,2.487976973,14.70299547,4.364448466,3.187344067,3.730284393,4.514688118,4.574359242,0.387821698,0.38785248
United States,Lao PDR,Import,  All Products,MFN Weighted Average (%),9.066674792,14.24487395,13.92329255,,14.61945741,15.32102455,15.82495789,16.43019534,15.06152067,15.73700417,16.19621655,14.3799055,12.38344806,7.617204698,10.09029386,11.55112782,6.829946168,8.965595212,7.500254334,8.441272508,8.080282696,9.477016064,7.823424116,7.961020345,6.372650396,6.372183117
United States,Latin America & Caribbean,Import,  All Products,MFN Weighted Average (%),5.426404635,5.674127827,5.784619422,,6.009808346,5.844369874,4.836762779,5.469847469,6.242873897,5.084363534,5.124593332,4.763572643,4.698650147,4.347019963,4.23693828,4.136805298,2.955377509,3.738619004,3.838767985,3.862588742,3.807661344,3.728571685,3.743218573,3.867903052,3.962526076,3.985912173
United States,Latvia,Import,  All Products,MFN Weighted Average (%),,2.082374123,4.214620369,,4.160412828,7.655667445,3.246972275,5.340884114,25.58188045,11.40470933,7.371581216,6.582790094,6.629363103,5.344672095,4.894848615,5.489569731,5.159903035,2.735364695,2.673367641,1.652701806,2.334088011,1.455852434,1.041622614,1.165430969,1.103466654,1.102632265
United States,Lebanon,Import,  All Products,MFN Weighted Average (%),6.724019339,8.278944128,6.905091213,,6.503925206,14.60639753,11.58616775,18.05473165,9.145706595,13.78025106,16.50444078,7.520057048,13.36212862,4.516939515,3.039699666,2.93446951,3.435154303,3.469784628,4.051311334,3.243902903,3.395477181,3.933435805,3.989311354,4.109309132,3.896625844,3.881781135
United States,Lesotho,Import,  All Products,MFN Weighted Average (%),,,,,,,,,,11.82022983,11.83175598,12.59605996,12.28942821,11.85748924,11.47878798,11.48808654,10.58960203,11.45200461,11.91501106,12.14925617,11.02090745,13.6527168,13.62296451,12.14021059,13.87790006,13.87720379
United States,Liberia,Import,  All Products,MFN Weighted Average (%),0.066070889,0.019521919,0.152102011,,0.055379722,0.070993111,0.410008606,0.053184818,0.019340558,0.044590767,0.004539381,0.024845797,0.027014028,0.013959918,0.033363871,0.503242015,0.001902507,0.003199506,0.171814759,1.119888921,0.009507564,0.008946182,0.026048096,0.057483438,0.017693666,0.017834354
United States,Libya,Import,  All Products,MFN Weighted Average (%),,,,,,,,,,,,,,2.298845582,5.595198882,5.384858213,5.040109455,5.42809973,5.524137301,4.765310596,4.313255142,6.722199271,6.465895555,5.388340419,5.344102314,5.435604899
United States,Lithuania,Import,  All Products,MFN Weighted Average (%),,6.200092466,7.412630941,,10.31522115,11.61052614,6.763347096,9.380598541,16.12985904,8.961189446,7.620728027,7.410318488,6.529017638,5.722008858,5.263915391,5.409915907,4.109042864,4.870449355,5.784726374,5.645633574,5.115802895,5.410426555,6.033499318,5.526891563,5.458585619,5.485290798
United States,Luxembourg,Import,  All Products,MFN Weighted Average (%),,,,,,,,,2.827819788,2.149592557,1.945790556,1.916317091,1.610848502,1.451535466,1.507477787,0.92996569,0.727462788,0.865771235,0.931798475,1.101582384,1.133519144,1.21593826,1.099113348,0.965976942,0.989058458,0.991323995
United States,Macao,Import,  All Products,MFN Weighted Average (%),12.4998412,12.6972053,13.09487255,,12.83870724,13.56899211,13.81039572,13.64682936,13.31719549,12.82633443,12.81005612,12.58033684,12.56415589,12.63876887,11.89350206,11.56554587,11.07304724,10.6054638,9.789337676,8.079364623,7.383364313,6.401979626,5.449000823,3.918844084,11.17451435,11.21319873
United States,"Macedonia, FYR",Import,  All Products,MFN Weighted Average (%),,,12.30021123,,11.43146168,16.18796279,14.40554744,11.91155078,16.49124326,10.74888375,15.48969442,19.51914983,15.26618912,17.27108173,15.80995383,13.2436515,10.52690204,10.25347592,29.99282619,21.56644634,23.34722184,18.12808482,25.95576229,9.067670791,7.557947182,7.553279992
United States,Madagascar,Import,  All Products,MFN Weighted Average (%),0.275980722,0.387354839,0.973892476,,9.047814203,3.725378222,6.150760062,4.305651668,11.17572372,9.954679906,8.810042256,6.657592023,6.156088351,7.879305164,9.645906893,9.745713143,10.50374927,10.76176639,11.0192956,7.05464931,6.50686174,5.729435572,2.097767764,1.668595418,2.492867304,2.492924986
United States,Malawi,Import,  All Products,MFN Weighted Average (%),35.01146995,34.34444287,36.14391445,,26.92626641,48.08308138,53.29706674,49.01682382,46.52972095,39.4585776,46.77966935,44.43770197,39.66132096,32.77445318,44.61199791,42.89295593,41.40645563,42.05675178,44.44804556,41.26981416,35.97102805,40.53503092,39.64270119,32.74393833,35.00706603,35.67187408
United States,Malaysia,Import,  All Products,MFN Weighted Average (%),4.279411528,4.062253901,3.696733178,,2.543349079,2.252321436,1.880318502,1.460574893,1.391058057,1.154389157,1.234396911,1.113157516,0.971610633,0.93854483,0.779000171,0.752347426,0.756148112,0.851210744,0.840691611,0.944708217,1.010028616,0.975235868,0.955174298,0.889240478,0.835627678,0.835584279
United States,Maldives,Import,  All Products,MFN Weighted Average (%),12.21927382,12.55270966,12.68577212,,11.42721427,12.54944829,11.30840822,9.357094906,9.729642162,11.25742813,10.84719517,9.489980738,8.293261633,7.917341107,6.968599505,0.306221112,0.06967949,1.333226248,1.900678493,0.012647874,0.003161997,0.004869157,0.00264529,0.013646807,0.025076035,0.025066019
United States,Mali,Import,  All Products,MFN Weighted Average (%),4.39508166,3.09207371,5.241520371,,4.152157197,2.543930405,2.667377789,2.07855826,2.153030499,0.859238754,0.919568259,1.214858134,2.172731261,15.47202769,1.517388975,0.802254406,1.100391241,0.903150668,0.986717004,1.208015764,1.302694925,1.08107693,0.954340056,0.909554571,1.688623139,1.68927723
United States,Malta,Import,  All Products,MFN Weighted Average (%),4.834354769,4.467814856,4.867061461,,2.350513788,1.604276166,1.317475985,1.039402794,1.074713599,1.451193954,0.97929247,1.049630752,0.985130091,1.019932442,0.925348825,2.162403273,1.447240797,0.935177404,1.101692571,1.260694237,0.98692967,1.167552923,0.73809032,1.077496049,0.812986483,0.812951589
United States,Marshall Islands,Import,  All Products,MFN Weighted Average (%),,0.408223548,0.769433348,,0.023893965,0.532951433,0.118725622,1.096384244,0.09106562,0.277208879,5.698262979,1.095340399,1.329531355,1.202055182,0.421190877,0.424060511,0.229185872,0.471687937,1.170218825,2.120379474,4.655869792,3.214763847,2.649128311,1.607518894,1.255076406,1.255477892
United States,Martinique,Import,  All Products,MFN Weighted Average (%),1.347364786,0.903152824,2.150032732,,0.88358798,,,,,,,,,,,,,,,,,,,,,
United States,Mauritania,Import,  All Products,MFN Weighted Average (%),0.084878653,0.431203097,3.108070204,,0,0.381687216,14.2893317,3.703832457,0.975771585,7.352586835,1.2056361,4.685407254,1.296828726,0.245718263,1.542773015,0.676612503,1.388557083,0.362655272,0.489111148,1.234262113,0.905378464,0.974431691,0.729651364,0.819344245,0.370730896,0.370715525
United States,Mauritius,Import,  All Products,MFN Weighted Average (%),11.93634336,12.20845074,12.5572014,,12.4338132,12.01794088,11.80495034,13.92792316,12.31537094,11.52662519,13.76493926,11.06587031,10.72389131,13.81474847,11.54705041,11.19235464,10.87768117,8.845032082,9.229192296,11.15475859,11.83577564,11.76928228,10.06521618,8.939394746,9.158744631,9.220013756
United States,Mayotte,Import,  All Products,MFN Weighted Average (%),,,,,,,,,,,2.423970658,3.700000048,,,,5,0.171217799,6.857714114,0.409647034,0.123085241,3.650000095,2.237989011,1.225279691,,,
United States,Mexico,Import,  All Products,MFN Weighted Average (%),4.53143964,4.598732845,4.690064666,,4.978610579,5.15867949,4.62217523,4.576395385,4.440533368,3.999380594,4.319481149,4.234506039,4.209245604,3.907898299,3.755423821,3.773163296,1.836539278,3.429116136,3.475096503,3.548548748,3.572649052,3.53053824,3.719012954,3.842819934,3.814045922,3.827155977
United States,"Micronesia, Fed. Sts.",Import,  All Products,MFN Weighted Average (%),,13.00310472,11.41646177,,11.17231895,13.48172536,13.57786262,14.10568095,14.95784285,14.10242763,13.2252431,12.92204391,12.84014079,12.28864455,8.956014078,0.837641316,0.031955477,0.22557275,0.419655183,0.389399372,0.986362434,2.182592382,1.048189906,2.314449415,1.776421406,1.776421406
United States,Middle East & North Africa,Import,  All Products,MFN Weighted Average (%),5.888085348,6.016380161,5.665101915,,5.485708821,5.081366574,2.192687124,4.1371082,7.977887518,4.591805796,4.120139337,3.049251695,3.091611186,3.022119423,2.875799806,2.599442113,2.393161416,2.564030005,2.458459771,2.464837132,2.549206862,2.622726916,2.594728916,2.796946282,2.536400988,2.549099602
United States,Moldova,Import,  All Products,MFN Weighted Average (%),,10.09760015,12.98687048,,4.025301564,6.681594923,6.236775424,5.363128513,4.194136758,4.335146125,5.759600786,10.14503784,11.37944365,12.68952892,11.57182335,8.25670845,10.75352101,8.701225908,8.585233972,7.645098577,6.47404894,5.003778322,3.889836072,3.990734698,4.698036243,4.739378703
United States,Mongolia,Import,  All Products,MFN Weighted Average (%),1.722961469,7.322437462,7.754308662,,9.69800968,11.09859358,11.92138617,13.54104523,13.4287685,12.46434429,12.12713696,11.77589439,11.21065176,11.27332912,11.18030179,11.39232748,10.49659516,9.179582747,1.985163392,5.000067168,2.258014384,1.00313249,0.512639256,1.605618978,1.7954926,1.48910199
United States,Montenegro,Import,  All Products,MFN Weighted Average (%),,,,,,,,,,,,,,,,,3.980767699,1.458708793,3.253990151,1.173768002,2.861132095,1.48603458,1.341093542,0.861076607,1.772292365,1.744477499
United States,Montserrat,Import,  All Products,MFN Weighted Average (%),4.434016041,2.713293762,7.632913697,,5.250562732,4.741610817,4.294835061,1.879149089,3.293858592,1.668249521,2.385934446,2.600914865,0.876374978,3.883083692,1.504207629,0.279265084,0.467466953,0.746338642,1.340112452,0.753498593,3.731790278,0.711412526,1.823345445,1.595496393,0.635210302,0.63523386
United States,Morocco,Import,  All Products,MFN Weighted Average (%),4.092532356,3.903818207,4.230904674,,3.610325551,3.354679395,3.521431617,4.462589403,4.626769781,4.62679124,5.024327159,3.357623971,3.71558208,4.312142938,3.387314231,3.932358639,3.516628412,2.341027422,2.709256995,2.167864491,2.340836466,2.466818658,2.626109753,2.886268565,2.916440065,2.919484474
United States,Mozambique,Import,  All Products,MFN Weighted Average (%),0.816687002,0.578497398,3.439990111,,76.58302604,11.33303645,14.27118208,34.86689847,0.116412579,48.2107175,87.20161707,76.919695,78.63964499,64.37101683,60.34759285,67.95436495,2.251117739,0.540900634,1.947812424,27.33001552,1.474534269,1.860420422,3.623872078,6.587787473,7.469902967,7.913352879
United States,Myanmar,Import,  All Products,MFN Weighted Average (%),6.706058405,10.12180763,8.212958535,,11.84634498,13.86650238,13.44104349,13.82586909,13.15647649,13.60684984,13.33299595,12.5267291,12.53551675,,,,,,1.875,,,,1.653265065,3.439817923,6.460041802,6.465949112
United States,Namibia,Import,  All Products,MFN Weighted Average (%),,,,,,,,,,5.005727625,1.085888239,2.671807318,5.17224693,5.354925049,6.804645243,6.130667664,1.999628111,0.056378921,0.035768001,0.032565483,0.47827358,0.037077453,0.034413185,0.047984193,0.078993935,0.080996382
United States,Nauru,Import,  All Products,MFN Weighted Average (%),0.404979714,6.302107699,6.299602308,,1.449161398,5.572887895,5.643307033,4.725289428,2.695726834,0.040343339,3.913368774,2.88974151,0.938005167,1.924545307,2.355434858,1.482776897,0.897198826,0.666422054,1.23187393,3.833273512,1.476179242,1.80656778,0.547270547,1.713060829,1.048689196,1.093288842
United States,Nepal,Import,  All Products,MFN Weighted Average (%),13.08431334,12.28691405,10.86592272,,11.11954725,11.20047486,11.04501899,10.18887152,9.55005747,9.551525473,9.583525379,8.848460494,9.029303713,8.026304437,6.487628999,6.064705305,4.589954191,3.632275403,3.993704334,4.349831621,4.01306488,3.516534464,3.682546718,3.880233089,4.043179046,3.99926817
United States,Netherlands,Import,  All Products,MFN Weighted Average (%),4.048023519,4.137942007,3.941212324,,3.748359107,3.113463395,2.739487531,2.53485251,3.21296913,2.528208068,2.377719788,2.068069629,2.239230794,2.377692757,2.935242646,2.929988265,2.252049709,2.948884955,2.595451038,2.444478954,2.779937899,2.55036926,2.347126672,2.097522358,1.84663435,1.854192766
United States,Netherlands Antilles,Import,  All Products,MFN Weighted Average (%),8.128595773,7.983795457,7.963193071,,7.545377382,7.706628939,2.429988023,6.778008166,33.26799462,13.38971365,11.25488884,7.114860451,6.760801432,6.537538603,6.988572878,6.747674238,6.226823687,6.360809418,6.25517114,,,,,,,
United States,New Caledonia,Import,  All Products,MFN Weighted Average (%),0.164536674,0.273165277,0.160222605,,0.114498451,0.067275647,0.344564582,0.127927113,0.044444102,0.095502876,0.260338911,0.54228298,0.216232223,0.709846845,0.199174201,0.172425699,0.153227402,0.181513929,0.268737845,0.131242644,0.028217917,0.087341615,0.070424475,0.054327429,0.248371382,0.248093107
United States,New Zealand,Import,  All Products,MFN Weighted Average (%),3.551522627,3.627987648,3.427253014,,4.596932176,4.463378931,5.043405744,5.390027394,5.108930284,4.754900257,5.400506001,5.033281415,4.903615544,4.899353843,4.847514966,4.803450933,5.125439614,4.506503645,4.735000499,4.385696959,4.428155828,5.048534301,4.690104201,4.938357336,5.0458952,5.163653948
United States,Nicaragua,Import,  All Products,MFN Weighted Average (%),3.015067589,4.371230565,4.975480134,,12.99990711,9.794089308,9.411284065,12.79956067,11.44772334,11.40498844,9.595798476,10.90710805,10.50242886,10.25031255,11.31630629,10.58869775,11.28915073,9.344297731,10.49708571,9.935276866,9.484844348,9.757471144,9.162397747,9.150600614,8.907219111,8.941145533
United States,Niger,Import,  All Products,MFN Weighted Average (%),6.337775043,5.018937574,6.382236258,,3.861530291,4.782420131,0.138206955,2.783448686,27.00225702,0.866238491,2.77827075,1.811374553,1.75146608,6.299360147,6.934105681,6.699488417,0.489740247,1.296578605,6.91263889,6.405722937,6.880080357,6.514854266,1.823695594,2.863248218,1.807790193,1.451964097
United States,Nigeria,Import,  All Products,MFN Weighted Average (%),6.04696651,5.778717432,6.626838275,,6.427810838,7.314162843,0.527253162,7.331614057,36.08984287,11.58320178,7.541615788,6.94062245,4.238421775,4.593935935,5.138564292,3.781403789,3.536842003,5.037605996,5.581633887,5.618874073,6.516461984,6.263012539,6.434055282,5.714190519,5.563098685,5.565290463
United States,Niue,Import,  All Products,MFN Weighted Average (%),4.650000095,8.552403159,5.550759903,,3.880621011,2.331213782,1.3895014,18.74483895,0.167571212,0.835250963,6.024832359,0,7.962105605,6.058439124,6.565482957,3.335896802,1.323421478,0.697941931,4.011050625,4.603741888,0.755947259,1.326029186,2.435508786,1.23034283,1.557721735,1.557721735
United States,Norfolk Island,Import,  All Products,MFN Weighted Average (%),9.927903301,5.742905827,6.759887475,,3.999765574,4.192692892,2.007895839,1.498614705,1.350730096,2.654698741,1.052297621,1.458278535,0.890351471,0.644516105,1.952709877,1.004406125,9.516003032,1.289452151,0.62159003,1.620818217,2.339057531,5.39924718,1.5976812,0,4.383080452,4.383080452
United States,North America,Import,  All Products,MFN Weighted Average (%),3.008677755,3.163994162,3.176401986,,3.759898772,3.629663695,3.376334707,3.201809003,3.751562705,3.173315727,3.129835629,3.183213618,3.016334291,2.836403785,2.746526029,2.662216695,1.605065853,2.129211853,2.095389904,2.122540027,2.193179637,2.294387073,2.274577098,2.163644488,2.222643004,2.236528115
United States,Norway,Import,  All Products,MFN Weighted Average (%),3.496434974,3.745171434,3.351414606,,2.749471167,2.815846728,1.388659345,2.540612662,6.760303224,5.191852816,4.028901477,2.39687295,2.447126529,2.769074679,2.507314968,2.788469738,2.963535271,2.863742643,2.668798663,2.810498407,3.358739365,3.775439547,3.205026536,2.79871612,2.81037563,2.818618182
United States,Occ.Pal.Terr,Import,  All Products,MFN Weighted Average (%),,,,,,,,,,9.597950384,14.45405364,14.30036305,11.41840113,8.687006047,5.675524391,7.672718488,6.01131409,5.911234019,8.238757566,6.086518671,10.81188174,6.452348443,8.498170073,6.398196946,3.765902615,3.515377101
United States,Oman,Import,  All Products,MFN Weighted Average (%),9.703849662,10.42540686,10.59875201,,10.82097785,11.92561038,7.941602788,9.952108589,9.390949134,8.300475827,6.901964996,8.179160008,6.447451991,5.859352726,5.617308638,5.531577014,4.597722885,4.251378813,3.680832999,2.377374518,3.525861314,2.162595476,3.288164662,3.528295206,3.602160695,3.596627115
United States,"Other Asia, nes",Import,  All Products,MFN Weighted Average (%),6.630961837,6.044869559,5.581835206,,4.115771033,3.819390661,3.472677438,3.041936934,2.625955987,2.459970242,2.664431301,2.553627177,2.511114716,2.379490959,2.266468177,2.022114787,1.612436038,1.999929958,1.851062021,1.782737134,1.649885615,1.843500903,1.807733883,1.769476908,1.873925928,1.875522425
United States,Pacific Islands,Import,  All Products,MFN Weighted Average (%),8.094319699,,,,,,,,,,,,,,,,,,,,,,,,,
United States,Pakistan,Import,  All Products,MFN Weighted Average (%),9.56488818,10.4382828,10.78529907,,11.65816527,11.35873219,11.13256053,10.81360737,10.47143989,10.23396976,10.08904927,9.756620723,9.727337823,9.478657281,9.582518087,9.505121437,9.813460177,9.61884894,9.732249225,9.837473785,9.914591394,9.268096198,9.246138817,9.256788427,9.143921926,9.149112857
United States,Palau,Import,  All Products,MFN Weighted Average (%),,4.576921307,12.89874859,,14.67950031,17.27790981,18.86910961,18.86538568,17.0557482,14.00035869,15.23743467,16.29252686,14.23188152,0.2287297,0.017103818,0.01414644,0,1.239443657,2.309250935,0.370014587,0,0.078483841,0,0.019757731,0.041969973,0.041969973
United States,Panama,Import,  All Products,MFN Weighted Average (%),7.142786995,6.711106593,6.101705511,,10.91022083,4.782968812,4.766201432,10.88014914,12.73448877,12.15059088,11.98881188,10.03694749,7.941536479,6.032100001,13.04792345,9.522362211,8.178481706,6.568149712,7.558922417,6.044647144,9.440556994,6.755962108,4.654929142,4.959144045,7.211054709,7.608396279
United States,Papua New Guinea,Import,  All Products,MFN Weighted Average (%),0.035907048,0.042274369,0.026912503,,11.23827774,0.071206507,1.570983891,4.38691577,6.182137996,10.12273418,2.121184713,13.45814158,8.19064503,5.89127009,6.309013451,5.997436667,1.763176844,2.01312571,1.727171289,1.324171164,1.949565495,0.498584354,0.709122722,0.094180042,0.073491144,0.07419322
United States,Paraguay,Import,  All Products,MFN Weighted Average (%),3.055659517,3.706122138,3.574462418,,17.97241027,5.215796333,7.550186804,17.64826603,19.73424796,20.2942495,24.53414069,18.76830359,15.32219761,18.94284902,23.00595668,24.39774766,24.56025933,27.32131261,19.75847097,21.71623999,28.09078249,14.49287184,8.976797202,14.10202453,17.97646183,19.89258668
United States,Peru,Import,  All Products,MFN Weighted Average (%),5.407286606,5.703325333,5.749126389,,9.473189384,6.409891478,4.106417073,6.095577918,6.22561401,6.086360571,7.466943714,6.48670026,6.409215596,5.482721659,5.32074242,5.39460056,5.645531473,5.179203108,5.321008339,5.696014204,5.092733836,4.980576001,4.3744011,5.413084464,5.075768501,5.093912533
United States,Philippines,Import,  All Products,MFN Weighted Average (%),7.503688112,7.134413592,6.861844906,,6.572155209,4.857024917,4.149775695,4.011104189,3.599578069,3.117990115,3.788880536,3.567343585,4.204300164,4.334454256,4.33895516,4.720394968,4.11784882,4.02336527,4.263660592,3.49599635,4.843520881,3.559055503,3.3618642,3.313027702,3.413533953,3.427797567
United States,Pitcairn,Import,  All Products,MFN Weighted Average (%),4.15907443,0.913542125,2.985561917,,2.515377727,2.259851049,2.029182159,1.886599678,2.057018013,0.821684452,0.892287706,0.727560978,1.797707405,6.901685904,9.389716942,4.966236033,0.748426965,2.235358392,0,,,0,,28.12402333,,
United States,Poland,Import,  All Products,MFN Weighted Average (%),6.185947578,7.186533375,6.717012812,,5.669490043,5.301782438,4.844736903,4.306253152,3.726371453,3.514215871,3.696767964,3.452749535,3.273392315,2.618080246,2.55295428,2.445189995,2.174777177,2.288231083,1.911303191,1.738246681,1.541729289,1.670478073,1.636848008,1.462040277,1.433342552,1.427500447
United States,Portugal,Import,  All Products,MFN Weighted Average (%),7.368570533,7.548211179,7.359106917,,7.192297837,6.645476677,5.973444356,6.141640939,9.207298361,5.726801856,5.213299878,4.141251345,3.931078933,3.751885803,3.340846563,3.52632973,4.085563337,3.739105141,3.915518723,4.291888481,4.228780595,4.362213012,4.48758877,4.322069221,4.320540015,4.313038821
United States,Qatar,Import,  All Products,MFN Weighted Average (%),14.24861856,13.88715234,10.73481756,,11.82888107,12.28544853,10.02446819,9.690959667,16.45665295,5.584444472,6.685838174,4.615469747,4.073007827,2.404872143,2.630085451,1.403877587,0.793782615,0.222227213,0.03918578,0.098667077,0.601792147,3.007282999,3.047947206,3.396190709,3.032827752,3.073555741
United States,Reunion,Import,  All Products,MFN Weighted Average (%),0.007797456,1.484295372,1.325000048,,1.00023035,,,,,,,,,,,,,,,,,,,,,
United States,Romania,Import,  All Products,MFN Weighted Average (%),9.223304479,8.177385867,7.685264747,,8.21785403,7.911526016,6.758104093,7.658928155,9.708212226,6.15890775,6.235462017,5.591583775,4.753349384,3.762659524,3.581737763,3.864872168,3.151549684,3.09397139,3.02609764,2.734280511,2.761876029,2.932077992,2.950472746,2.743188676,2.8563679,2.865469717
United States,Russian Federation,Import,  All Products,MFN Weighted Average (%),,1.944279888,2.374733123,,2.345971919,2.543360426,2.688473568,2.294478434,4.694646256,2.816989762,3.332364556,3.430195498,3.645119735,3.122753429,3.91686968,3.694527599,3.934321166,4.233543638,4.685032232,4.522965516,4.686992485,4.87703559,4.975123306,4.181787205,3.916877349,3.961922388
United States,Rwanda,Import,  All Products,MFN Weighted Average (%),1.811527131,0.68475103,1.189944178,,0,0.095546061,0.503738625,0.01218827,0.097493776,0.135287922,0.216835578,0.31887275,1.172003411,0.727287514,0.660400976,0.875436778,1.09551295,0.680600092,0.632590135,0.271806096,0.210049655,0.164493434,0.250600552,0.177534591,0.195268299,0.192045259
United States,Saint Helena,Import,  All Products,MFN Weighted Average (%),3.519299082,2.702737156,0.576598211,,5.112722713,8.533674204,0.080893949,1.40785854,1.272786582,0.044105269,0.015466141,0.03923657,0.61845344,0.146660115,0.916521897,0.336053297,0.014575446,0.028213878,0.066625024,0.072131361,0.060243717,0.267854534,0.436548332,0.021414086,1.617846494,1.618125448
United States,Saint Maarten (Dutch part),Import,  All Products,MFN Weighted Average (%),,,,,,,,,,,,,,,,,,,,,0.466481373,0.311779799,0.415266892,0.641502975,1.316872763,1.300190992
United States,Saint Pierre and Miquelon,Import,  All Products,MFN Weighted Average (%),0.677736996,0.864215506,12.19482034,,0.539101629,0.3784217,0.268208141,0.15340641,0.145584808,0.114259315,0.615280639,0.501911461,0.323893055,2.600673488,2.980834476,3.187772895,4.504497142,2.798964435,3.178896489,1.574411946,0,6.718291283,0.217545464,0,0.371241497,0.371241497
United States,Samoa,Import,  All Products,MFN Weighted Average (%),9.921811034,9.357758103,10.35747986,,1.010459387,2.151897553,0.482255127,0.783044491,0.365935486,1.422645758,1.39007551,2.733068062,3.122571925,0.794069975,0.699268956,0.65975441,0.859000645,0.51330093,2.03322984,1.888759451,1.283079832,0.946727053,0.583845077,0.450131779,0.453151569,0.487614396
United States,San Marino,Import,  All Products,MFN Weighted Average (%),,,,,,,,,,0.3609375,0.594614792,1.482829664,6.287026902,1.1154543,1.45951491,2.057314897,6.728435917,2.2087426,3.03333696,7.962760759,8.279627981,7.60609603,7.239832179,7.748718723,6.774264071,6.771236187
United States,Sao Tome and Principe,Import,  All Products,MFN Weighted Average (%),10.07655048,0.039803785,2.555398862,,9.380592497,3.501772734,10.33454716,1.664740647,26.70228123,1.845255605,1.213494059,0.545001944,1.402693308,1.532661724,1.430459372,1.435753896,2.256281595,3.723638244,1.593534867,2.843316618,0.49140922,1.302057868,3.84375626,1.380374379,1.777128714,1.789817617
United States,Saudi Arabia,Import,  All Products,MFN Weighted Average (%),8.318424717,8.241298984,7.562680368,,7.571262292,6.762326607,1.031672439,6.854686439,15.58766439,7.544356567,6.695837707,5.373803628,4.870553091,4.49185492,4.847911168,4.136429415,3.841376054,3.980268305,4.115636599,3.537168024,3.44769575,2.879813391,2.866265552,4.176254255,2.528850269,2.544084554
United States,Senegal,Import,  All Products,MFN Weighted Average (%),5.065025502,5.674891479,7.222250968,,6.676039915,4.047103812,2.514683039,2.21973749,0.766677227,1.327894569,5.739002,1.212764698,0.843313782,1.550335409,1.573318258,5.514435772,2.185263938,5.222769085,3.599594646,1.428503591,0.743303632,3.207223484,0.311018433,0.221726946,2.505922958,2.499981579
United States,"Serbia, FR(Serbia/Montenegro)",Import,  All Products,MFN Weighted Average (%),,7.825049983,,,,6.30970498,2.747183772,1.870712864,3.734882344,1.759015748,2.249600037,2.801661938,2.652618333,1.19051246,2.594167633,2.55316585,3.281487939,2.88099465,3.015839128,2.297202946,3.768493432,2.398830684,2.685836011,2.567499468,2.524341281,2.523354797
United States,Seychelles,Import,  All Products,MFN Weighted Average (%),4.934173368,1.726327507,5.885779959,,1.426999879,1.115490874,0.684957648,2.646133514,4.152717746,1.527709875,0.348954667,0.067974907,3.305987875,0.233512039,0.117637047,0.339674272,0.764039562,0.107647246,0.51761439,0.370988654,0.522755224,0.156074063,2.079379892,1.141848048,1.739789434,1.911832889
United States,Sierra Leone,Import,  All Products,MFN Weighted Average (%),1.846008641,2.103356999,2.127045416,,0.615724558,0.24228839,0.514878011,0.718353462,2.379269056,2.016660351,6.055055183,3.027212745,2.500498993,2.175853089,0.606529079,0.257505992,0.124995463,0.130521339,0.357445891,0.418105893,0.712312363,0.644489378,0.196908362,0.501013635,0.35214837,0.351875703
United States,Singapore,Import,  All Products,MFN Weighted Average (%),3.613954734,3.468998562,3.138054708,,1.892640697,1.4530054,1.183784146,0.800048068,1.191827909,0.976230164,1.007385826,1.209065682,1.384329858,1.108673034,0.830646606,0.797275483,0.490617145,0.890453008,1.292267517,1.092440062,1.469267351,1.554954476,1.856379596,1.769573997,1.617792824,1.618505434
United States,Slovak Republic,Import,  All Products,MFN Weighted Average (%),,,8.467615935,,7.319206669,7.895921124,6.431710887,5.595215757,5.481281595,4.463333245,4.981169444,4.165988157,2.934614564,2.773979878,2.809896571,2.609096834,1.74100311,2.384191181,2.411094954,2.364369147,2.358201897,2.308048254,2.447976331,2.407174067,2.467218739,2.466812762
United States,Slovenia,Import,  All Products,MFN Weighted Average (%),,7.421112909,7.423787783,,6.442850586,6.412423893,6.174363916,5.06397882,4.363199316,4.293919261,4.027752299,3.122353896,1.928235122,2.031146489,2.130313255,1.920566271,1.47931245,2.080562252,1.719771462,1.843998106,1.859500385,1.863692945,1.947599547,1.622365595,1.631419288,1.630596395
United States,Solomon Islands,Import,  All Products,MFN Weighted Average (%),4.120113935,9.317021566,3.745963138,,0.273507639,0.277247525,0.217753829,0.052075845,0.282558419,0.170643309,0.185976994,0.184105852,0.312854938,0.036855208,0,0.071740227,0.016780286,0.031101634,0.081090588,0.090097868,0.07134364,6.364203348,8.146170564,7.363872929,7.25580974,7.257811949
United States,Somalia,Import,  All Products,MFN Weighted Average (%),0.120184084,0.054812316,5.169142418,,0.743069236,1.301736382,2.149207851,4.20237889,2.086301137,4.017273015,3.046529996,1.594124451,0.90857686,2.303130145,5.571835071,0.606959286,1.870332266,1.11066278,1.103237796,1.056117425,0.632491241,0.5135507,0.272766212,0.763454389,0.595763682,0.679999143
United States,South Africa,Import,  All Products,MFN Weighted Average (%),1.224792209,2.029699293,2.538178157,,3.127684045,2.986465825,2.926906159,2.957429512,2.452865838,2.109664931,1.572889192,2.352324968,2.049026789,1.59383754,1.475766318,1.342755602,0.941195262,1.325198203,1.81347119,1.558044438,1.480650569,1.720461562,1.556533415,1.63955931,1.500379455,1.512631383
United States,South Asia,Import,  All Products,MFN Weighted Average (%),7.760542896,8.240062694,7.890988586,,7.819474252,7.730399787,7.742852345,7.539002411,6.971629531,7.082900737,7.40177146,6.714015132,6.574610176,6.099799855,6.158971997,6.009018617,5.78418532,5.393679108,5.801220678,5.386926059,5.085141214,4.663459446,4.782154503,4.722544824,4.805744642,4.811652559
United States,South Sudan,Import,  All Products,MFN Weighted Average (%),,,,,,,,,,,,,,,,,,,,,,8.566666603,0.273053091,0,1.03458171,
United States,Soviet Union,Import,  All Products,MFN Weighted Average (%),2.847204516,,,,,,,,,,,,,,,,,,,,,,,,,
United States,Spain,Import,  All Products,MFN Weighted Average (%),5.475230831,5.559354245,5.674825728,,5.450793949,5.111397118,4.603007981,4.546914738,4.622908595,4.669310434,4.798067312,4.053877322,3.571479234,3.201464883,2.990155693,3.212981747,2.962578935,3.022527874,2.896641793,2.956160912,3.430193961,3.112518689,3.005530598,3.800159634,3.778810188,3.788365693
United States,Sri Lanka,Import,  All Products,MFN Weighted Average (%),12.93266466,12.63729237,12.30513438,,11.07196025,11.41410353,12.26987566,11.87858036,11.43473586,11.39354296,11.42786338,11.05594696,10.83392075,10.14185617,10.06456306,9.773373377,9.637888497,9.547276146,9.524000537,8.952622884,8.781003249,8.769812698,8.947185455,8.857321301,9.378068387,9.375511927
United States,St. Kitts and Nevis,Import,  All Products,MFN Weighted Average (%),10.10291582,8.461866598,7.317844097,,5.175099042,4.169760028,6.363504851,12.91393131,2.829310817,2.413143061,2.573310668,2.430234544,2.154166125,1.903735219,1.760665742,1.979683854,0.551290335,1.485686395,1.546177229,1.403194543,1.522334738,1.366959854,1.355182525,1.236183825,1.444630624,1.447790617
United States,St. Lucia,Import,  All Products,MFN Weighted Average (%),13.70243333,15.13278416,14.5860767,,12.91032502,10.66334795,6.267659273,8.714870886,7.126324735,5.397635825,6.273099776,4.365968451,4.215203878,3.329447235,4.878339481,4.742715795,4.829464305,1.683571024,1.573233167,1.430387021,1.273503819,1.286927188,1.049918672,1.018832145,1.342616525,1.322157113
United States,St. Vincent and the Grenadines,Import,  All Products,MFN Weighted Average (%),9.34491334,11.72620441,9.635575462,,9.847903205,8.330592938,5.664382148,5.096068335,5.104567772,1.381244839,0.72107321,2.856250536,4.053398572,4.812196673,0.376351485,3.240101493,3.300839941,4.763084007,2.695154175,1.031568873,1.942358971,2.204365108,1.193274246,2.731529977,1.696020191,1.698899421
United States,Sub-Saharan Africa,Import,  All Products,MFN Weighted Average (%),2.897531463,3.700921322,4.585300903,,4.620591426,4.729208064,1.555528921,4.491418602,8.57732232,5.480586547,4.727080439,5.084167211,4.406245916,4.059723704,4.250198907,3.415987523,2.763144544,2.943325383,3.53262515,3.226143618,3.103375334,3.255686265,3.231009281,3.223965111,3.014804546,3.046153969
United States,Sudan,Import,  All Products,MFN Weighted Average (%),,,,,,,,,,,,,,,,,,,,,,0,0,0.001839178,0,0
United States,Suriname,Import,  All Products,MFN Weighted Average (%),0.121557072,0.166145516,0.128648694,,0.592265076,0.421192042,0.214502931,0.097493136,0.069698249,0.070991923,0.053151411,0.055798243,0.077999085,0.083791665,0.078337076,0.073608027,0.11318257,0.130226227,0.145580847,0.27388929,0.061164085,0.167863656,0.247784201,2.884780875,0.67361387,0.67842667
United States,Swaziland,Import,  All Products,MFN Weighted Average (%),,,,,,,,,,34.47386522,22.0265382,16.8371325,16.68718463,12.46528341,18.76699381,19.01141324,15.81375785,12.16280482,16.17348814,21.01005332,12.57477486,12.90285834,13.69455613,25.2303016,52.08799024,55.39032367
United States,Sweden,Import,  All Products,MFN Weighted Average (%),3.541780862,3.465677176,3.60771643,,2.99175671,2.829136995,2.664662906,2.087271285,2.158469939,2.030898921,1.826937495,1.49331676,1.442581806,1.422561262,1.323439608,1.406019052,1.007507425,1.470727795,1.277428027,1.438419019,1.717631328,1.514719196,1.497509253,1.739737069,1.506116566,1.507711504
United States,Switzerland,Import,  All Products,MFN Weighted Average (%),4.617723027,4.845538309,4.515374017,,3.508646308,3.57880742,3.367079984,2.597235786,2.38013979,2.190463525,1.998254993,2.062053437,1.808611623,1.916782141,1.968394262,1.725601557,1.449618075,1.595961722,1.454444024,1.431547907,1.40233445,1.328545131,1.28793178,1.231080985,1.239202348,1.243164696
United States,Syrian Arab Republic,Import,  All Products,MFN Weighted Average (%),7.611719593,7.584747622,8.55772506,,9.462084259,11.02098011,4.613539941,5.685661738,15.69165547,9.970893254,9.672297349,9.436415101,8.324142896,7.98272218,7.287979411,6.664865137,5.6597949,6.430687113,6.585661668,6.468619458,6.486115681,2.904494676,0.921347677,1.138689572,1.945243536,1.942626252
United States,Tajikistan,Import,  All Products,MFN Weighted Average (%),,1.129357567,1.585124966,,2.548182136,2.12093159,4.132150304,1.980108756,1.970368621,8.469152596,7.950125007,8.329489417,11.29757598,8.659129047,1.322936608,1.302515317,0.901548418,1.298253832,1.629221241,0.25986089,1.409201836,1.288247248,1.260324209,4.317322388,1.284304802,1.283960255
United States,Tanzania,Import,  All Products,MFN Weighted Average (%),1.022439806,1.738829356,2.502958294,,4.699297142,6.951895434,8.407987017,7.308160991,7.808891797,7.335905608,5.360722114,3.739131974,2.707588972,7.572261957,4.699154135,2.945410354,2.341028072,1.54758577,1.040155936,1.748089432,2.493661015,4.017554132,4.02245211,5.56867496,6.263692185,6.261368033
United States,Thailand,Import,  All Products,MFN Weighted Average (%),6.492388639,6.406055097,6.063919736,,5.050093396,4.784425451,4.718937302,4.203429692,3.973273646,3.965583384,4.336017673,4.043163667,4.017050291,3.617018671,3.257250176,3.179520888,3.013161902,3.009257466,3.037943235,2.923413034,2.86149349,2.705191072,2.647359765,2.633715842,2.562237042,2.566711046
United States,Togo,Import,  All Products,MFN Weighted Average (%),3.87839996,5.895386497,8.651778098,,3.996302221,2.731169344,3.095479704,2.53330162,4.690358409,10.42945907,5.116782279,0.496313678,1.247141675,1.964663923,0.741867696,4.939382526,0.488736263,0.227600049,0.168796584,0.218208264,0.19117123,6.349579939,0.584650488,0.598115404,0.927761408,0.928146617
United States,Tokelau,Import,  All Products,MFN Weighted Average (%),10.51023853,6.702036987,10.83287969,,3.037742451,7.676878598,5.792894198,7.404657977,4.458484238,6.994668366,16.34761255,6.870174266,10.96027835,5.131231241,5.438964203,5.69956036,6.046278482,7.292955861,4.828449462,4.020433421,5.629151816,4.067575475,3.070927803,6.286848981,6.181849285,4.432037012
United States,Tonga,Import,  All Products,MFN Weighted Average (%),0.625998748,1.63007946,2.777171468,,0.586625415,1.239721488,1.616967618,1.694550458,1.131686827,0.969500386,1.000483457,0.690406565,0.487470698,1.054347243,0.835967576,0.652720189,0.848539704,1.284072703,1.685104867,1.874735467,2.112260213,1.584551876,1.574886748,1.202123735,1.846419103,1.84711279
United States,Trinidad and Tobago,Import,  All Products,MFN Weighted Average (%),4.075744216,4.680768534,4.51968124,,3.516334701,4.002048047,1.827951001,4.234600384,13.49635403,5.876699861,3.852207127,2.524979808,1.455657133,1.093843702,1.428385369,1.646374295,1.522180629,1.623163348,2.013935918,1.531579863,2.201687777,2.158956874,1.885749221,1.787561297,1.229705218,1.241502194
United States,Tunisia,Import,  All Products,MFN Weighted Average (%),6.979065708,7.840742796,7.949876218,,6.395626067,8.309211961,6.039860058,8.679570262,11.70050151,9.793515873,9.211586665,8.08236418,6.970252446,6.7596954,7.61599231,4.9845662,5.384914731,5.640285383,4.772643534,4.707972976,4.865248151,5.366868799,5.412045459,5.206710061,3.860394071,3.860491577
United States,Turkey,Import,  All Products,MFN Weighted Average (%),9.627829973,8.707609705,9.164600228,,8.860593013,13.82688678,12.58977826,11.73742763,10.35194835,8.66255271,9.308960404,8.540906143,8.046094071,6.421490829,6.672416091,5.467537899,6.520481096,4.767514658,5.654911293,4.613013113,4.745777222,5.20319013,5.725634305,3.884862027,3.677982936,3.678485301
United States,Turkmenistan,Import,  All Products,MFN Weighted Average (%),,1.207799426,0.748871277,,4.898273896,3.736067737,6.062344556,7.802528233,11.54109056,12.00438384,12.32765149,10.91721246,10.77780316,11.10045094,9.103703697,10.20045938,7.519748614,7.550380869,7.977105982,8.471051719,8.75204562,7.047000059,5.377957244,5.731378616,7.121875699,7.212483892
United States,Turks and Caicos Isl.,Import,  All Products,MFN Weighted Average (%),0.003088776,0.022580918,0.068220622,,0.020668359,0.051076379,0.297337333,0.324273527,0.035408815,0.078062251,0.081872152,1.029871533,0.282287928,0.055276311,0.458154938,0.038063209,0.035507033,0.024635751,0.106619381,0.292123415,0.037975428,0.039141463,0.129980613,0.143060106,0.149745938,0.149804321
United States,Tuvalu,Import,  All Products,MFN Weighted Average (%),6.200000286,0,10.82637109,,,1.433333397,,0,,9.818453934,,,0,0.491812022,5.396617224,1.157598114,0.416966797,1.526791661,1.087057806,1.38188299,5.349999905,1.89530551,1.117289404,0.842004933,0.777153076,0.777153076
United States,Uganda,Import,  All Products,MFN Weighted Average (%),0.033660803,0.255480919,1.529032078,,2.628789996,0.027221072,0.020682809,0.097058269,0.024596966,0.117393848,0.130714263,0.140435556,0.685395853,3.347714196,2.062088286,1.115162101,1.293681027,0.671902755,0.459498547,0.512063935,0.485582212,0.350964698,1.183081849,0.305174781,0.284969501,0.287091252
United States,Ukraine,Import,  All Products,MFN Weighted Average (%),,4.226307648,5.043886574,,4.795790649,4.128504481,4.057295088,3.787180118,3.026166968,2.433367579,3.926569046,4.17583723,4.073786097,1.623020996,1.28414892,1.314784115,1.056518708,1.027854441,2.635899175,1.696916215,1.447820761,1.580419747,1.254800691,1.677414018,1.424500808,1.432604845
United States,United Arab Emirates,Import,  All Products,MFN Weighted Average (%),10.30659354,11.40167362,10.91014453,,9.422851919,8.736305356,8.529646986,8.424182204,9.617030713,8.402604055,8.042389511,6.625980505,5.790143159,5.373928441,4.42073902,3.510342475,3.177660852,2.540356416,2.495831764,2.326250264,2.287976491,2.620675942,2.424600671,2.072476642,2.192894297,2.190378214
United States,United Kingdom,Import,  All Products,MFN Weighted Average (%),3.768633069,3.901585131,3.920442418,,3.172007814,3.086536177,2.474772264,2.264564644,2.682788585,2.10459807,1.871282092,1.770084949,1.6873807,1.795459348,1.917563361,1.890110625,1.560827013,1.932780275,1.945243585,1.949062667,2.093015444,2.058223021,2.019035321,1.909961594,1.907130193,1.908015073
United States,Unspecified,Import,  All Products,MFN Weighted Average (%),2.961094406,14.39025429,10.11665659,,7.763612884,8.494023847,9.611853365,10.53892212,11.65032666,,,,,,,,,,,,,,,,,
United States,Uruguay,Import,  All Products,MFN Weighted Average (%),7.213338287,7.079969105,6.205342448,,7.616819557,5.437509091,5.221950944,5.679901289,6.841139504,4.960447978,8.383046482,6.535927386,6.926812589,6.942409281,7.59089616,6.188059442,7.363402612,4.83651629,4.918191757,4.495672418,3.919814507,4.12832623,4.198436253,4.186666361,4.417235061,4.442066783
United States,Uzbekistan,Import,  All Products,MFN Weighted Average (%),,0.21181208,2.618848914,,2.088547203,6.173492193,2.095074611,3.107661389,5.936960278,6.857602919,7.412692951,6.407527897,6.092826283,3.67732499,5.239963378,4.124168788,3.594019783,3.300926838,3.259597732,3.445274882,3.172636962,4.717043197,2.808227503,4.92937429,1.713800209,1.700494567
United States,Vanuatu,Import,  All Products,MFN Weighted Average (%),0,0.002429198,0.032297323,,0.927794767,1.202691026,0.44737721,1.785886162,1.735760014,1.975032367,1.831792538,4.938129838,0.490641442,0.490720143,1.513239136,1.191449777,2.044403263,1.230223731,1.518083459,2.442453369,1.492323243,5.766417703,1.74818958,0.574260389,0.966695607,0.964118968
United States,Venezuela,Import,  All Products,MFN Weighted Average (%),7.057493933,6.963131471,6.671326486,,6.114213331,6.168921664,1.343033474,6.011644122,25.07978631,10.46893376,7.99583472,4.444637435,4.583721974,4.660916785,5.060614172,4.957672779,5.161679637,4.563987952,5.084156277,5.159433727,5.468144097,5.083319378,5.363445495,5.091146168,4.722323015,4.771683696
United States,Vietnam,Import,  All Products,MFN Weighted Average (%),,5.599999905,,,1.556094158,6.123479048,7.621044273,6.366715283,7.826225393,4.77970349,4.417705975,7.700492895,8.768608756,8.734352133,8.024267565,7.778812349,7.645094629,7.624701933,7.716587522,7.599151506,7.687758142,7.285744465,7.008747514,6.521379401,6.155388507,6.155599575
United States,Wallis and Futura Isl.,Import,  All Products,MFN Weighted Average (%),,0,6.980000496,,4.0625,,,,3.983226109,,2.700000048,,0,5.349999905,0.884846688,0,0,0,1.244024959,4.789479886,0.874465812,,0,0.624466849,0,0
United States,Western Sahara,Import,  All Products,MFN Weighted Average (%),,8.219736237,1.76666677,,,0,0,0.666143401,,,,4.288000107,2.700000048,,,,0,2.303225756,,,0.214705391,0.453527074,0.189079765,2.739352421,1.367965684,1.367965684
United States,Yemen,Import,  All Products,MFN Weighted Average (%),6.94495219,7.805693456,8.231531987,,7.923140113,7.804390006,2.481765088,6.553235054,27.54549547,0.064888691,7.3029252,0.109665408,3.555177274,6.692091954,6.097783925,5.469975438,5.38269743,0.043072252,0.047321975,0.001267553,0.418728708,0.006581366,0.019505821,0.019920811,0.011269471,0.011549866
United States,"Yugoslavia,FR(Serbia/Montenegr",Import,  All Products,MFN Weighted Average (%),7.327665101,,,,,,,,,,,,,,,,,,,,,,,,,
United States,Zambia,Import,  All Products,MFN Weighted Average (%),2.586557743,2.090219633,2.543370492,,1.967610787,1.951927477,1.923024334,1.697715404,2.022912551,2.550559039,1.51124026,1.963924078,1.562739266,1.535456354,1.428419131,1.467931349,1.710288191,1.511613109,1.352572442,1.675905769,1.439329728,0.928172328,0.86555199,0.948992475,0.970885618,0.971851602
United States,Zimbabwe,Import,  All Products,MFN Weighted Average (%),12.21024207,17.73665629,22.98054229,,11.87923091,18.76405182,16.83221081,11.34925097,17.17482635,11.14690419,19.35499573,26.62240058,11.07686239,14.95537685,7.508165103,16.67215048,9.880024757,1.953538689,28.44339439,18.37243895,3.367959393,4.270711511,11.06053027,18.95862398,15.80321883,16.41596735
